balanced_train_segments_1, 0, 0, "bird"
balanced_train_segments_2, 0, 0, "bird"
balanced_train_segments_3, 0, 0, "bird"
balanced_train_segments_4, 0, 0, "bird"
balanced_train_segments_5, 0, 0, "bird"
balanced_train_segments_6, 0, 0, "bird"
balanced_train_segments_7, 0, 0, "bird"
balanced_train_segments_8, 0, 0, "bird"
balanced_train_segments_9, 0, 0, "bird"
balanced_train_segments_10, 0, 0, "bird"
balanced_train_segments_11, 0, 0, "bird"
balanced_train_segments_12, 0, 0, "bird"
balanced_train_segments_13, 0, 0, "bird"
balanced_train_segments_14, 0, 0, "bird"
balanced_train_segments_15, 0, 0, "bird"
balanced_train_segments_16, 0, 0, "bird"
balanced_train_segments_17, 0, 0, "bird"
balanced_train_segments_18, 0, 0, "bird"
balanced_train_segments_19, 0, 0, "bird"
balanced_train_segments_20, 0, 0, "bird"
balanced_train_segments_21, 0, 0, "bird"
balanced_train_segments_22, 0, 0, "bird"
balanced_train_segments_23, 0, 0, "bird"
balanced_train_segments_24, 0, 0, "bird"
balanced_train_segments_25, 0, 0, "bird"
balanced_train_segments_26, 0, 0, "bird"
balanced_train_segments_27, 0, 0, "bird"
balanced_train_segments_28, 0, 0, "bird"
balanced_train_segments_29, 0, 0, "bird"
balanced_train_segments_30, 0, 0, "bird"
balanced_train_segments_31, 0, 0, "bird"
balanced_train_segments_32, 0, 0, "bird"
balanced_train_segments_33, 0, 0, "bird"
balanced_train_segments_34, 0, 0, "bird"
balanced_train_segments_35, 0, 0, "bird"
balanced_train_segments_36, 0, 0, "bird"
balanced_train_segments_37, 0, 0, "bird"
balanced_train_segments_38, 0, 0, "bird"
balanced_train_segments_39, 0, 0, "bird"
balanced_train_segments_40, 0, 0, "bird"
balanced_train_segments_41, 0, 0, "bird"
balanced_train_segments_42, 0, 0, "bird"
balanced_train_segments_43, 0, 0, "bird"
balanced_train_segments_44, 0, 0, "bird"
balanced_train_segments_45, 0, 0, "bird"
balanced_train_segments_46, 0, 0, "bird"
balanced_train_segments_47, 0, 0, "bird"
balanced_train_segments_48, 0, 0, "bird"
balanced_train_segments_49, 0, 0, "bird"
balanced_train_segments_50, 0, 0, "bird"
balanced_train_segments_51, 0, 0, "bird"
balanced_train_segments_52, 0, 0, "bird"
balanced_train_segments_53, 0, 0, "bird"
balanced_train_segments_54, 0, 0, "bird"
balanced_train_segments_55, 0, 0, "bird"
balanced_train_segments_56, 0, 0, "bird"
balanced_train_segments_57, 0, 0, "bird"
balanced_train_segments_58, 0, 0, "bird"
balanced_train_segments_59, 0, 0, "bird"
balanced_train_segments_60, 0, 0, "bird"
balanced_train_segments_61, 0, 0, "bird"
balanced_train_segments_62, 0, 0, "bird"
balanced_train_segments_63, 0, 0, "bird"
balanced_train_segments_64, 0, 0, "bird"
balanced_train_segments_65, 0, 0, "bird"
balanced_train_segments_66, 0, 0, "bird"
balanced_train_segments_67, 0, 0, "bird"
balanced_train_segments_68, 0, 0, "bird"
balanced_train_segments_69, 0, 0, "bird"
balanced_train_segments_70, 0, 0, "bird"
balanced_train_segments_71, 0, 0, "bird"
balanced_train_segments_72, 0, 0, "bird"
balanced_train_segments_73, 0, 0, "bird"
balanced_train_segments_74, 0, 0, "bird"
balanced_train_segments_75, 0, 0, "bird"
balanced_train_segments_76, 0, 0, "bird"
balanced_train_segments_77, 0, 0, "bird"
balanced_train_segments_78, 0, 0, "bird"
balanced_train_segments_79, 0, 0, "bird"
balanced_train_segments_80, 0, 0, "bird"
balanced_train_segments_81, 0, 0, "bird"
balanced_train_segments_82, 0, 0, "bird"
balanced_train_segments_83, 0, 0, "bird"
balanced_train_segments_84, 0, 0, "bird"
balanced_train_segments_85, 0, 0, "bird"
balanced_train_segments_86, 0, 0, "bird"
balanced_train_segments_87, 0, 0, "bird"
balanced_train_segments_88, 0, 0, "bird"
balanced_train_segments_89, 0, 0, "bird"
balanced_train_segments_90, 0, 0, "bird"
balanced_train_segments_91, 0, 0, "bird"
balanced_train_segments_92, 0, 0, "bird"
balanced_train_segments_93, 0, 0, "bird"
balanced_train_segments_94, 0, 0, "bird"
balanced_train_segments_95, 0, 0, "bird"
balanced_train_segments_96, 0, 0, "bird"
balanced_train_segments_97, 0, 0, "bird"
balanced_train_segments_98, 0, 0, "bird"
balanced_train_segments_99, 0, 0, "bird"
balanced_train_segments_100, 0, 0, "bird"
balanced_train_segments_101, 0, 0, "bird"
balanced_train_segments_102, 0, 0, "bird"
balanced_train_segments_103, 0, 0, "bird"
balanced_train_segments_104, 0, 0, "bird"
balanced_train_segments_105, 0, 0, "bird"
balanced_train_segments_106, 0, 0, "bird"
balanced_train_segments_107, 0, 0, "bird"
balanced_train_segments_108, 0, 0, "bird"
balanced_train_segments_109, 0, 0, "bird"
balanced_train_segments_110, 0, 0, "bird"
balanced_train_segments_111, 0, 0, "bird"
balanced_train_segments_112, 0, 0, "bird"
balanced_train_segments_113, 0, 0, "bird"
balanced_train_segments_114, 0, 0, "bird"
balanced_train_segments_115, 0, 0, "bird"
balanced_train_segments_116, 0, 0, "bird"
balanced_train_segments_117, 0, 0, "bird"
balanced_train_segments_118, 0, 0, "bird"
balanced_train_segments_119, 0, 0, "bird"
balanced_train_segments_120, 0, 0, "bird"
balanced_train_segments_121, 0, 0, "bird"
balanced_train_segments_122, 0, 0, "bird"
balanced_train_segments_123, 0, 0, "bird"
balanced_train_segments_124, 0, 0, "bird"
balanced_train_segments_125, 0, 0, "bird"
balanced_train_segments_126, 0, 0, "bird"
balanced_train_segments_127, 0, 0, "bird"
balanced_train_segments_128, 0, 0, "bird"
balanced_train_segments_129, 0, 0, "bird"
balanced_train_segments_130, 0, 0, "bird"
balanced_train_segments_131, 0, 0, "bird"
balanced_train_segments_132, 0, 0, "bird"
balanced_train_segments_133, 0, 0, "bird"
balanced_train_segments_134, 0, 0, "bird"
balanced_train_segments_135, 0, 0, "bird"
balanced_train_segments_136, 0, 0, "bird"
balanced_train_segments_137, 0, 0, "bird"
balanced_train_segments_138, 0, 0, "bird"
balanced_train_segments_139, 0, 0, "bird"
balanced_train_segments_140, 0, 0, "bird"
balanced_train_segments_141, 0, 0, "bird"
balanced_train_segments_142, 0, 0, "bird"
balanced_train_segments_143, 0, 0, "bird"
balanced_train_segments_144, 0, 0, "bird"
balanced_train_segments_145, 0, 0, "bird"
balanced_train_segments_146, 0, 0, "bird"
balanced_train_segments_147, 0, 0, "bird"
balanced_train_segments_148, 0, 0, "bird"
balanced_train_segments_149, 0, 0, "bird"
balanced_train_segments_150, 0, 0, "bird"
balanced_train_segments_151, 0, 0, "bird"
balanced_train_segments_152, 0, 0, "bird"
balanced_train_segments_153, 0, 0, "bird"
balanced_train_segments_154, 0, 0, "bird"
balanced_train_segments_155, 0, 0, "bird"
balanced_train_segments_156, 0, 0, "bird"
balanced_train_segments_157, 0, 0, "bird"
balanced_train_segments_158, 0, 0, "bird"
balanced_train_segments_159, 0, 0, "bird"
balanced_train_segments_160, 0, 0, "bird"
balanced_train_segments_161, 0, 0, "bird"
balanced_train_segments_162, 0, 0, "bird"
balanced_train_segments_163, 0, 0, "bird"
balanced_train_segments_164, 0, 0, "bird"
balanced_train_segments_165, 0, 0, "bird"
balanced_train_segments_166, 0, 0, "bird"
balanced_train_segments_167, 0, 0, "bird"
balanced_train_segments_168, 0, 0, "bird"
balanced_train_segments_169, 0, 0, "bird"
balanced_train_segments_170, 0, 0, "bird"
balanced_train_segments_171, 0, 0, "bird"
balanced_train_segments_172, 0, 0, "bird"
balanced_train_segments_173, 0, 0, "bird"
balanced_train_segments_174, 0, 0, "bird"
balanced_train_segments_175, 0, 0, "bird"
balanced_train_segments_176, 0, 0, "bird"
balanced_train_segments_177, 0, 0, "bird"
balanced_train_segments_178, 0, 0, "bird"
balanced_train_segments_179, 0, 0, "bird"
balanced_train_segments_180, 0, 0, "bird"
balanced_train_segments_181, 0, 0, "bird"
balanced_train_segments_182, 0, 0, "bird"
balanced_train_segments_183, 0, 0, "bird"
balanced_train_segments_184, 0, 0, "bird"
balanced_train_segments_185, 0, 0, "bird"
balanced_train_segments_186, 0, 0, "bird"
balanced_train_segments_187, 0, 0, "bird"
balanced_train_segments_188, 0, 0, "bird"
balanced_train_segments_189, 0, 0, "bird"
balanced_train_segments_190, 0, 0, "bird"
balanced_train_segments_191, 0, 0, "bird"
balanced_train_segments_192, 0, 0, "bird"
balanced_train_segments_193, 0, 0, "bird"
balanced_train_segments_194, 0, 0, "bird"
balanced_train_segments_195, 0, 0, "bird"
balanced_train_segments_196, 0, 0, "bird"
balanced_train_segments_197, 0, 0, "bird"
balanced_train_segments_198, 0, 0, "bird"
balanced_train_segments_199, 0, 0, "bird"
balanced_train_segments_200, 0, 0, "bird"
balanced_train_segments_201, 0, 0, "bird"
balanced_train_segments_202, 0, 0, "bird"
balanced_train_segments_203, 0, 0, "bird"
balanced_train_segments_204, 0, 0, "bird"
balanced_train_segments_205, 0, 0, "bird"
balanced_train_segments_206, 0, 0, "bird"
balanced_train_segments_207, 0, 0, "bird"
balanced_train_segments_208, 0, 0, "bird"
balanced_train_segments_209, 0, 0, "bird"
balanced_train_segments_210, 0, 0, "bird"
balanced_train_segments_211, 0, 0, "bird"
balanced_train_segments_212, 0, 0, "bird"
balanced_train_segments_213, 0, 0, "bird"
balanced_train_segments_214, 0, 0, "bird"
balanced_train_segments_215, 0, 0, "bird"
balanced_train_segments_216, 0, 0, "bird"
balanced_train_segments_217, 0, 0, "bird"
balanced_train_segments_218, 0, 0, "bird"
balanced_train_segments_219, 0, 0, "bird"
balanced_train_segments_220, 0, 0, "bird"
balanced_train_segments_221, 0, 0, "bird"
balanced_train_segments_222, 0, 0, "bird"
balanced_train_segments_223, 0, 0, "bird"
balanced_train_segments_224, 0, 0, "bird"
balanced_train_segments_225, 0, 0, "bird"
balanced_train_segments_226, 0, 0, "bird"
balanced_train_segments_227, 0, 0, "bird"
balanced_train_segments_228, 0, 0, "bird"
balanced_train_segments_229, 0, 0, "bird"
balanced_train_segments_230, 0, 0, "bird"
balanced_train_segments_231, 0, 0, "bird"
balanced_train_segments_232, 0, 0, "bird"
balanced_train_segments_233, 0, 0, "bird"
balanced_train_segments_234, 0, 0, "bird"
balanced_train_segments_235, 0, 0, "bird"
balanced_train_segments_236, 0, 0, "bird"
balanced_train_segments_237, 0, 0, "bird"
balanced_train_segments_238, 0, 0, "bird"
balanced_train_segments_239, 0, 0, "bird"
balanced_train_segments_240, 0, 0, "bird"
balanced_train_segments_241, 0, 0, "bird"
balanced_train_segments_242, 0, 0, "bird"
balanced_train_segments_243, 0, 0, "bird"
balanced_train_segments_244, 0, 0, "bird"
balanced_train_segments_245, 0, 0, "bird"
balanced_train_segments_246, 0, 0, "bird"
balanced_train_segments_247, 0, 0, "bird"
balanced_train_segments_248, 0, 0, "bird"
balanced_train_segments_249, 0, 0, "bird"
balanced_train_segments_250, 0, 0, "bird"
balanced_train_segments_251, 0, 0, "bird"
balanced_train_segments_252, 0, 0, "bird"
balanced_train_segments_253, 0, 0, "bird"
balanced_train_segments_254, 0, 0, "bird"
balanced_train_segments_255, 0, 0, "bird"
balanced_train_segments_256, 0, 0, "bird"
balanced_train_segments_257, 0, 0, "bird"
balanced_train_segments_258, 0, 0, "bird"
balanced_train_segments_259, 0, 0, "bird"
balanced_train_segments_260, 0, 0, "bird"
balanced_train_segments_261, 0, 0, "bird"
balanced_train_segments_262, 0, 0, "bird"
balanced_train_segments_263, 0, 0, "bird"
balanced_train_segments_264, 0, 0, "bird"
balanced_train_segments_265, 0, 0, "bird"
balanced_train_segments_266, 0, 0, "bird"
balanced_train_segments_267, 0, 0, "bird"
balanced_train_segments_268, 0, 0, "bird"
balanced_train_segments_269, 0, 0, "bird"
balanced_train_segments_270, 0, 0, "bird"
balanced_train_segments_271, 0, 0, "bird"
balanced_train_segments_272, 0, 0, "bird"
balanced_train_segments_273, 0, 0, "bird"
balanced_train_segments_274, 0, 0, "bird"
balanced_train_segments_275, 0, 0, "bird"
balanced_train_segments_276, 0, 0, "bird"
balanced_train_segments_277, 0, 0, "bird"
balanced_train_segments_278, 0, 0, "bird"
balanced_train_segments_279, 0, 0, "bird"
balanced_train_segments_280, 0, 0, "bird"
balanced_train_segments_281, 0, 0, "bird"
balanced_train_segments_282, 0, 0, "bird"
balanced_train_segments_283, 0, 0, "bird"
balanced_train_segments_284, 0, 0, "bird"
balanced_train_segments_285, 0, 0, "bird"
balanced_train_segments_286, 0, 0, "bird"
balanced_train_segments_287, 0, 0, "bird"
balanced_train_segments_288, 0, 0, "bird"
balanced_train_segments_289, 0, 0, "bird"
balanced_train_segments_290, 0, 0, "bird"
balanced_train_segments_291, 0, 0, "bird"
balanced_train_segments_292, 0, 0, "bird"
balanced_train_segments_293, 0, 0, "bird"
balanced_train_segments_294, 0, 0, "bird"
balanced_train_segments_295, 0, 0, "bird"
balanced_train_segments_296, 0, 0, "bird"
balanced_train_segments_297, 0, 0, "bird"
balanced_train_segments_298, 0, 0, "bird"
balanced_train_segments_299, 0, 0, "bird"
balanced_train_segments_300, 0, 0, "bird"
balanced_train_segments_301, 0, 0, "bird"
balanced_train_segments_302, 0, 0, "bird"
balanced_train_segments_303, 0, 0, "bird"
balanced_train_segments_304, 0, 0, "bird"
balanced_train_segments_305, 0, 0, "bird"
balanced_train_segments_306, 0, 0, "bird"
balanced_train_segments_307, 0, 0, "bird"
balanced_train_segments_308, 0, 0, "bird"
balanced_train_segments_309, 0, 0, "bird"
balanced_train_segments_310, 0, 0, "bird"
balanced_train_segments_311, 0, 0, "bird"
balanced_train_segments_312, 0, 0, "bird"
balanced_train_segments_313, 0, 0, "bird"
balanced_train_segments_314, 0, 0, "bird"
balanced_train_segments_315, 0, 0, "bird"
balanced_train_segments_316, 0, 0, "bird"
balanced_train_segments_317, 0, 0, "bird"
balanced_train_segments_318, 0, 0, "bird"
balanced_train_segments_319, 0, 0, "bird"
balanced_train_segments_320, 0, 0, "bird"
balanced_train_segments_321, 0, 0, "bird"
balanced_train_segments_322, 0, 0, "bird"
balanced_train_segments_323, 0, 0, "bird"
balanced_train_segments_324, 0, 0, "bird"
balanced_train_segments_325, 0, 0, "bird"
balanced_train_segments_326, 0, 0, "bird"
balanced_train_segments_327, 0, 0, "bird"
balanced_train_segments_328, 0, 0, "bird"
balanced_train_segments_329, 0, 0, "bird"
balanced_train_segments_330, 0, 0, "bird"
balanced_train_segments_331, 0, 0, "bird"
balanced_train_segments_332, 0, 0, "bird"
balanced_train_segments_333, 0, 0, "bird"
balanced_train_segments_334, 0, 0, "bird"
balanced_train_segments_335, 0, 0, "bird"
balanced_train_segments_336, 0, 0, "bird"
balanced_train_segments_337, 0, 0, "bird"
balanced_train_segments_338, 0, 0, "bird"
balanced_train_segments_339, 0, 0, "bird"
balanced_train_segments_340, 0, 0, "bird"
balanced_train_segments_341, 0, 0, "bird"
balanced_train_segments_342, 0, 0, "bird"
balanced_train_segments_343, 0, 0, "bird"
balanced_train_segments_344, 0, 0, "bird"
balanced_train_segments_345, 0, 0, "bird"
balanced_train_segments_346, 0, 0, "bird"
balanced_train_segments_347, 0, 0, "bird"
balanced_train_segments_348, 0, 0, "bird"
balanced_train_segments_349, 0, 0, "bird"
balanced_train_segments_350, 0, 0, "bird"
balanced_train_segments_351, 0, 0, "bird"
balanced_train_segments_352, 0, 0, "bird"
balanced_train_segments_353, 0, 0, "bird"
balanced_train_segments_354, 0, 0, "bird"
balanced_train_segments_355, 0, 0, "bird"
balanced_train_segments_356, 0, 0, "bird"
balanced_train_segments_357, 0, 0, "bird"
balanced_train_segments_358, 0, 0, "bird"
balanced_train_segments_359, 0, 0, "bird"
balanced_train_segments_360, 0, 0, "bird"
balanced_train_segments_361, 0, 0, "bird"
balanced_train_segments_362, 0, 0, "bird"
balanced_train_segments_363, 0, 0, "bird"
balanced_train_segments_364, 0, 0, "bird"
balanced_train_segments_365, 0, 0, "bird"
balanced_train_segments_366, 0, 0, "bird"
balanced_train_segments_367, 0, 0, "bird"
balanced_train_segments_368, 0, 0, "bird"
balanced_train_segments_369, 0, 0, "bird"
balanced_train_segments_370, 0, 0, "bird"
balanced_train_segments_371, 0, 0, "bird"
balanced_train_segments_372, 0, 0, "bird"
balanced_train_segments_373, 0, 0, "bird"
balanced_train_segments_374, 0, 0, "bird"
balanced_train_segments_375, 0, 0, "bird"
balanced_train_segments_376, 0, 0, "bird"
balanced_train_segments_377, 0, 0, "bird"
balanced_train_segments_378, 0, 0, "bird"
balanced_train_segments_379, 0, 0, "bird"
balanced_train_segments_380, 0, 0, "bird"
balanced_train_segments_381, 0, 0, "bird"
balanced_train_segments_382, 0, 0, "bird"
balanced_train_segments_383, 0, 0, "bird"
balanced_train_segments_384, 0, 0, "bird"
balanced_train_segments_385, 0, 0, "bird"
balanced_train_segments_386, 0, 0, "bird"
balanced_train_segments_387, 0, 0, "bird"
balanced_train_segments_388, 0, 0, "bird"
balanced_train_segments_389, 0, 0, "bird"
balanced_train_segments_390, 0, 0, "bird"
balanced_train_segments_391, 0, 0, "bird"
balanced_train_segments_392, 0, 0, "bird"
balanced_train_segments_393, 0, 0, "bird"
balanced_train_segments_394, 0, 0, "bird"
balanced_train_segments_395, 0, 0, "bird"
balanced_train_segments_396, 0, 0, "bird"
balanced_train_segments_397, 0, 0, "bird"
balanced_train_segments_398, 0, 0, "bird"
balanced_train_segments_399, 0, 0, "bird"
balanced_train_segments_400, 0, 0, "bird"
balanced_train_segments_401, 0, 0, "bird"
balanced_train_segments_402, 0, 0, "bird"
balanced_train_segments_403, 0, 0, "bird"
balanced_train_segments_404, 0, 0, "bird"
balanced_train_segments_405, 0, 0, "bird"
balanced_train_segments_406, 0, 0, "bird"
balanced_train_segments_407, 0, 0, "bird"
balanced_train_segments_408, 0, 0, "bird"
balanced_train_segments_409, 0, 0, "bird"
balanced_train_segments_410, 0, 0, "bird"
balanced_train_segments_411, 0, 0, "bird"
balanced_train_segments_412, 0, 0, "bird"
balanced_train_segments_413, 0, 0, "bird"
balanced_train_segments_414, 0, 0, "bird"
balanced_train_segments_415, 0, 0, "bird"
balanced_train_segments_416, 0, 0, "bird"
balanced_train_segments_417, 0, 0, "bird"
balanced_train_segments_418, 0, 0, "bird"
balanced_train_segments_419, 0, 0, "bird"
balanced_train_segments_420, 0, 0, "bird"
balanced_train_segments_421, 0, 0, "bird"
balanced_train_segments_422, 0, 0, "bird"
balanced_train_segments_423, 0, 0, "bird"
balanced_train_segments_424, 0, 0, "bird"
balanced_train_segments_425, 0, 0, "bird"
balanced_train_segments_426, 0, 0, "bird"
balanced_train_segments_427, 0, 0, "bird"
balanced_train_segments_428, 0, 0, "bird"
balanced_train_segments_429, 0, 0, "bird"
balanced_train_segments_430, 0, 0, "bird"
balanced_train_segments_431, 0, 0, "bird"
balanced_train_segments_432, 0, 0, "bird"
balanced_train_segments_433, 0, 0, "bird"
balanced_train_segments_434, 0, 0, "bird"
balanced_train_segments_435, 0, 0, "bird"
balanced_train_segments_436, 0, 0, "bird"
balanced_train_segments_437, 0, 0, "bird"
balanced_train_segments_438, 0, 0, "bird"
balanced_train_segments_439, 0, 0, "bird"
balanced_train_segments_440, 0, 0, "bird"
balanced_train_segments_441, 0, 0, "bird"
balanced_train_segments_442, 0, 0, "bird"
balanced_train_segments_443, 0, 0, "bird"
balanced_train_segments_444, 0, 0, "bird"
balanced_train_segments_445, 0, 0, "bird"
balanced_train_segments_446, 0, 0, "bird"
balanced_train_segments_447, 0, 0, "bird"
balanced_train_segments_448, 0, 0, "bird"
balanced_train_segments_449, 0, 0, "bird"
balanced_train_segments_450, 0, 0, "bird"
balanced_train_segments_451, 0, 0, "bird"
balanced_train_segments_452, 0, 0, "bird"
balanced_train_segments_453, 0, 0, "bird"
balanced_train_segments_454, 0, 0, "bird"
balanced_train_segments_455, 0, 0, "bird"
balanced_train_segments_456, 0, 0, "bird"
balanced_train_segments_457, 0, 0, "bird"
balanced_train_segments_458, 0, 0, "bird"
balanced_train_segments_459, 0, 0, "bird"
balanced_train_segments_460, 0, 0, "bird"
balanced_train_segments_461, 0, 0, "bird"
balanced_train_segments_462, 0, 0, "bird"
balanced_train_segments_463, 0, 0, "bird"
balanced_train_segments_464, 0, 0, "bird"
balanced_train_segments_465, 0, 0, "bird"
balanced_train_segments_466, 0, 0, "bird"
balanced_train_segments_467, 0, 0, "bird"
balanced_train_segments_468, 0, 0, "bird"
balanced_train_segments_469, 0, 0, "bird"
balanced_train_segments_470, 0, 0, "bird"
balanced_train_segments_471, 0, 0, "bird"
balanced_train_segments_472, 0, 0, "bird"
balanced_train_segments_473, 0, 0, "bird"
balanced_train_segments_474, 0, 0, "bird"
balanced_train_segments_475, 0, 0, "bird"
balanced_train_segments_476, 0, 0, "bird"
balanced_train_segments_477, 0, 0, "bird"
balanced_train_segments_478, 0, 0, "bird"
balanced_train_segments_479, 0, 0, "bird"
balanced_train_segments_480, 0, 0, "bird"
balanced_train_segments_481, 0, 0, "bird"
balanced_train_segments_482, 0, 0, "bird"
balanced_train_segments_483, 0, 0, "bird"
balanced_train_segments_484, 0, 0, "bird"
balanced_train_segments_485, 0, 0, "bird"
balanced_train_segments_486, 0, 0, "bird"
balanced_train_segments_487, 0, 0, "bird"
balanced_train_segments_488, 0, 0, "bird"
balanced_train_segments_489, 0, 0, "bird"
balanced_train_segments_490, 0, 0, "bird"
balanced_train_segments_491, 0, 0, "bird"
balanced_train_segments_492, 0, 0, "bird"
balanced_train_segments_493, 0, 0, "bird"
balanced_train_segments_494, 0, 0, "bird"
balanced_train_segments_495, 0, 0, "bird"
balanced_train_segments_496, 0, 0, "bird"
balanced_train_segments_497, 0, 0, "bird"
balanced_train_segments_498, 0, 0, "bird"
balanced_train_segments_499, 0, 0, "bird"
balanced_train_segments_500, 0, 0, "bird"
balanced_train_segments_501, 0, 0, "bird"
balanced_train_segments_502, 0, 0, "bird"
balanced_train_segments_503, 0, 0, "bird"
balanced_train_segments_504, 0, 0, "bird"
balanced_train_segments_505, 0, 0, "bird"
balanced_train_segments_506, 0, 0, "bird"
balanced_train_segments_507, 0, 0, "bird"
balanced_train_segments_508, 0, 0, "bird"
balanced_train_segments_509, 0, 0, "bird"
balanced_train_segments_510, 0, 0, "bird"
balanced_train_segments_511, 0, 0, "bird"
balanced_train_segments_512, 0, 0, "bird"
balanced_train_segments_513, 0, 0, "bird"
balanced_train_segments_514, 0, 0, "bird"
balanced_train_segments_515, 0, 0, "bird"
balanced_train_segments_516, 0, 0, "bird"
balanced_train_segments_517, 0, 0, "bird"
balanced_train_segments_518, 0, 0, "bird"
balanced_train_segments_519, 0, 0, "bird"
balanced_train_segments_520, 0, 0, "bird"
balanced_train_segments_521, 0, 0, "bird"
balanced_train_segments_522, 0, 0, "bird"
balanced_train_segments_523, 0, 0, "bird"
balanced_train_segments_524, 0, 0, "bird"
balanced_train_segments_525, 0, 0, "bird"
balanced_train_segments_526, 0, 0, "bird"
balanced_train_segments_527, 0, 0, "bird"
balanced_train_segments_528, 0, 0, "bird"
balanced_train_segments_529, 0, 0, "bird"
balanced_train_segments_530, 0, 0, "bird"
balanced_train_segments_531, 0, 0, "bird"
balanced_train_segments_532, 0, 0, "bird"
balanced_train_segments_533, 0, 0, "bird"
balanced_train_segments_534, 0, 0, "bird"
balanced_train_segments_535, 0, 0, "bird"
balanced_train_segments_536, 0, 0, "bird"
balanced_train_segments_537, 0, 0, "bird"
balanced_train_segments_538, 0, 0, "bird"
balanced_train_segments_539, 0, 0, "bird"
balanced_train_segments_540, 0, 0, "bird"
balanced_train_segments_541, 0, 0, "bird"
balanced_train_segments_542, 0, 0, "bird"
balanced_train_segments_543, 0, 0, "bird"
balanced_train_segments_544, 0, 0, "bird"
balanced_train_segments_545, 0, 0, "bird"
balanced_train_segments_546, 0, 0, "bird"
balanced_train_segments_547, 0, 0, "bird"
balanced_train_segments_548, 0, 0, "bird"
balanced_train_segments_549, 0, 0, "bird"
balanced_train_segments_550, 0, 0, "bird"
balanced_train_segments_551, 0, 0, "bird"
balanced_train_segments_552, 0, 0, "bird"
balanced_train_segments_553, 0, 0, "bird"
balanced_train_segments_554, 0, 0, "bird"
balanced_train_segments_555, 0, 0, "bird"
balanced_train_segments_556, 0, 0, "bird"
balanced_train_segments_557, 0, 0, "bird"
balanced_train_segments_558, 0, 0, "bird"
balanced_train_segments_559, 0, 0, "bird"
balanced_train_segments_560, 0, 0, "bird"
balanced_train_segments_561, 0, 0, "bird"
balanced_train_segments_562, 0, 0, "bird"
balanced_train_segments_563, 0, 0, "bird"
balanced_train_segments_564, 0, 0, "bird"
balanced_train_segments_565, 0, 0, "bird"
balanced_train_segments_566, 0, 0, "bird"
balanced_train_segments_567, 0, 0, "bird"
balanced_train_segments_568, 0, 0, "bird"
balanced_train_segments_569, 0, 0, "bird"
balanced_train_segments_570, 0, 0, "bird"
balanced_train_segments_571, 0, 0, "bird"
balanced_train_segments_572, 0, 0, "bird"
balanced_train_segments_573, 0, 0, "bird"
balanced_train_segments_574, 0, 0, "bird"
balanced_train_segments_575, 0, 0, "bird"
balanced_train_segments_576, 0, 0, "bird"
balanced_train_segments_577, 0, 0, "bird"
balanced_train_segments_578, 0, 0, "bird"
balanced_train_segments_579, 0, 0, "bird"
balanced_train_segments_580, 0, 0, "bird"
balanced_train_segments_581, 0, 0, "bird"
balanced_train_segments_582, 0, 0, "bird"
balanced_train_segments_583, 0, 0, "bird"
balanced_train_segments_584, 0, 0, "bird"
balanced_train_segments_585, 0, 0, "bird"
balanced_train_segments_586, 0, 0, "bird"
balanced_train_segments_587, 0, 0, "bird"
balanced_train_segments_588, 0, 0, "bird"
balanced_train_segments_589, 0, 0, "bird"
balanced_train_segments_590, 0, 0, "bird"
balanced_train_segments_591, 0, 0, "bird"
balanced_train_segments_592, 0, 0, "bird"
balanced_train_segments_593, 0, 0, "bird"
balanced_train_segments_594, 0, 0, "bird"
balanced_train_segments_595, 0, 0, "bird"
balanced_train_segments_596, 0, 0, "bird"
balanced_train_segments_597, 0, 0, "bird"
balanced_train_segments_598, 0, 0, "bird"
balanced_train_segments_599, 0, 0, "bird"
balanced_train_segments_600, 0, 0, "bird"
balanced_train_segments_601, 0, 0, "bird"
balanced_train_segments_602, 0, 0, "bird"
balanced_train_segments_603, 0, 0, "bird"
balanced_train_segments_604, 0, 0, "bird"
balanced_train_segments_605, 0, 0, "bird"
balanced_train_segments_606, 0, 0, "bird"
balanced_train_segments_607, 0, 0, "bird"
balanced_train_segments_608, 0, 0, "bird"
balanced_train_segments_609, 0, 0, "bird"
balanced_train_segments_610, 0, 0, "bird"
balanced_train_segments_611, 0, 0, "bird"
balanced_train_segments_612, 0, 0, "bird"
balanced_train_segments_613, 0, 0, "bird"
balanced_train_segments_614, 0, 0, "bird"
balanced_train_segments_615, 0, 0, "bird"
balanced_train_segments_616, 0, 0, "bird"
balanced_train_segments_617, 0, 0, "bird"
balanced_train_segments_618, 0, 0, "bird"
balanced_train_segments_619, 0, 0, "bird"
balanced_train_segments_620, 0, 0, "bird"
balanced_train_segments_621, 0, 0, "bird"
balanced_train_segments_622, 0, 0, "bird"
balanced_train_segments_623, 0, 0, "bird"
balanced_train_segments_624, 0, 0, "bird"
balanced_train_segments_625, 0, 0, "bird"
balanced_train_segments_626, 0, 0, "bird"
balanced_train_segments_627, 0, 0, "bird"
balanced_train_segments_628, 0, 0, "bird"
balanced_train_segments_629, 0, 0, "bird"
balanced_train_segments_630, 0, 0, "bird"
balanced_train_segments_631, 0, 0, "bird"
balanced_train_segments_632, 0, 0, "bird"
balanced_train_segments_633, 0, 0, "bird"
balanced_train_segments_634, 0, 0, "bird"
balanced_train_segments_635, 0, 0, "bird"
balanced_train_segments_636, 0, 0, "bird"
balanced_train_segments_637, 0, 0, "bird"
balanced_train_segments_638, 0, 0, "bird"
balanced_train_segments_639, 0, 0, "bird"
balanced_train_segments_640, 0, 0, "bird"
balanced_train_segments_641, 0, 0, "bird"
balanced_train_segments_642, 0, 0, "bird"
balanced_train_segments_643, 0, 0, "bird"
balanced_train_segments_644, 0, 0, "bird"
balanced_train_segments_645, 0, 0, "bird"
balanced_train_segments_646, 0, 0, "bird"
balanced_train_segments_647, 0, 0, "bird"
balanced_train_segments_648, 0, 0, "bird"
balanced_train_segments_649, 0, 0, "bird"
balanced_train_segments_650, 0, 0, "bird"
balanced_train_segments_651, 0, 0, "bird"
balanced_train_segments_652, 0, 0, "bird"
balanced_train_segments_653, 0, 0, "bird"
balanced_train_segments_654, 0, 0, "bird"
balanced_train_segments_655, 0, 0, "bird"
balanced_train_segments_656, 0, 0, "bird"
balanced_train_segments_657, 0, 0, "bird"
balanced_train_segments_658, 0, 0, "bird"
balanced_train_segments_659, 0, 0, "bird"
balanced_train_segments_660, 0, 0, "bird"
balanced_train_segments_661, 0, 0, "bird"
balanced_train_segments_662, 0, 0, "bird"
balanced_train_segments_663, 0, 0, "bird"
balanced_train_segments_664, 0, 0, "bird"
balanced_train_segments_665, 0, 0, "bird"
balanced_train_segments_666, 0, 0, "bird"
balanced_train_segments_667, 0, 0, "bird"
balanced_train_segments_668, 0, 0, "bird"
balanced_train_segments_669, 0, 0, "bird"
balanced_train_segments_670, 0, 0, "bird"
balanced_train_segments_671, 0, 0, "bird"
balanced_train_segments_672, 0, 0, "bird"
balanced_train_segments_673, 0, 0, "bird"
balanced_train_segments_674, 0, 0, "bird"
balanced_train_segments_675, 0, 0, "bird"
balanced_train_segments_676, 0, 0, "bird"
balanced_train_segments_677, 0, 0, "bird"
balanced_train_segments_678, 0, 0, "bird"
balanced_train_segments_679, 0, 0, "bird"
balanced_train_segments_680, 0, 0, "bird"
balanced_train_segments_681, 0, 0, "bird"
balanced_train_segments_682, 0, 0, "bird"
balanced_train_segments_683, 0, 0, "bird"
balanced_train_segments_684, 0, 0, "bird"
balanced_train_segments_685, 0, 0, "bird"
balanced_train_segments_686, 0, 0, "bird"
balanced_train_segments_687, 0, 0, "bird"
balanced_train_segments_688, 0, 0, "bird"
balanced_train_segments_689, 0, 0, "bird"
balanced_train_segments_690, 0, 0, "bird"
balanced_train_segments_691, 0, 0, "bird"
balanced_train_segments_692, 0, 0, "bird"
balanced_train_segments_693, 0, 0, "bird"
balanced_train_segments_694, 0, 0, "bird"
balanced_train_segments_695, 0, 0, "bird"
balanced_train_segments_696, 0, 0, "bird"
balanced_train_segments_697, 0, 0, "bird"
balanced_train_segments_698, 0, 0, "bird"
balanced_train_segments_699, 0, 0, "bird"
balanced_train_segments_700, 0, 0, "bird"
balanced_train_segments_701, 0, 0, "bug"
balanced_train_segments_702, 0, 0, "bug"
balanced_train_segments_703, 0, 0, "bug"
balanced_train_segments_704, 0, 0, "bug"
balanced_train_segments_705, 0, 0, "bug"
balanced_train_segments_706, 0, 0, "bug"
balanced_train_segments_707, 0, 0, "bug"
balanced_train_segments_708, 0, 0, "bug"
balanced_train_segments_709, 0, 0, "bug"
balanced_train_segments_710, 0, 0, "bug"
balanced_train_segments_711, 0, 0, "bug"
balanced_train_segments_712, 0, 0, "bug"
balanced_train_segments_713, 0, 0, "bug"
balanced_train_segments_714, 0, 0, "bug"
balanced_train_segments_715, 0, 0, "bug"
balanced_train_segments_716, 0, 0, "bug"
balanced_train_segments_717, 0, 0, "bug"
balanced_train_segments_718, 0, 0, "bug"
balanced_train_segments_719, 0, 0, "bug"
balanced_train_segments_720, 0, 0, "bug"
balanced_train_segments_721, 0, 0, "bug"
balanced_train_segments_722, 0, 0, "bug"
balanced_train_segments_723, 0, 0, "bug"
balanced_train_segments_724, 0, 0, "bug"
balanced_train_segments_725, 0, 0, "bug"
balanced_train_segments_726, 0, 0, "bug"
balanced_train_segments_727, 0, 0, "bug"
balanced_train_segments_728, 0, 0, "bug"
balanced_train_segments_729, 0, 0, "bug"
balanced_train_segments_730, 0, 0, "bug"
balanced_train_segments_731, 0, 0, "bug"
balanced_train_segments_732, 0, 0, "bug"
balanced_train_segments_733, 0, 0, "bug"
balanced_train_segments_734, 0, 0, "bug"
balanced_train_segments_735, 0, 0, "bug"
balanced_train_segments_736, 0, 0, "bug"
balanced_train_segments_737, 0, 0, "bug"
balanced_train_segments_738, 0, 0, "bug"
balanced_train_segments_739, 0, 0, "bug"
balanced_train_segments_740, 0, 0, "bug"
balanced_train_segments_741, 0, 0, "bug"
balanced_train_segments_742, 0, 0, "bug"
balanced_train_segments_743, 0, 0, "bug"
balanced_train_segments_744, 0, 0, "bug"
balanced_train_segments_745, 0, 0, "bug"
balanced_train_segments_746, 0, 0, "bug"
balanced_train_segments_747, 0, 0, "bug"
balanced_train_segments_748, 0, 0, "bug"
balanced_train_segments_749, 0, 0, "bug"
balanced_train_segments_750, 0, 0, "bug"
balanced_train_segments_751, 0, 0, "bug"
balanced_train_segments_752, 0, 0, "bug"
balanced_train_segments_753, 0, 0, "bug"
balanced_train_segments_754, 0, 0, "bug"
balanced_train_segments_755, 0, 0, "bug"
balanced_train_segments_756, 0, 0, "bug"
balanced_train_segments_757, 0, 0, "bug"
balanced_train_segments_758, 0, 0, "bug"
balanced_train_segments_759, 0, 0, "bug"
balanced_train_segments_760, 0, 0, "bug"
balanced_train_segments_761, 0, 0, "bug"
balanced_train_segments_762, 0, 0, "bug"
balanced_train_segments_763, 0, 0, "bug"
balanced_train_segments_764, 0, 0, "bug"
balanced_train_segments_765, 0, 0, "bug"
balanced_train_segments_766, 0, 0, "bug"
balanced_train_segments_767, 0, 0, "bug"
balanced_train_segments_768, 0, 0, "bug"
balanced_train_segments_769, 0, 0, "bug"
balanced_train_segments_770, 0, 0, "bug"
balanced_train_segments_771, 0, 0, "bug"
balanced_train_segments_772, 0, 0, "bug"
balanced_train_segments_773, 0, 0, "bug"
balanced_train_segments_774, 0, 0, "bug"
balanced_train_segments_775, 0, 0, "bug"
balanced_train_segments_776, 0, 0, "bug"
balanced_train_segments_777, 0, 0, "bug"
balanced_train_segments_778, 0, 0, "bug"
balanced_train_segments_779, 0, 0, "bug"
balanced_train_segments_780, 0, 0, "bug"
balanced_train_segments_781, 0, 0, "bug"
balanced_train_segments_782, 0, 0, "bug"
balanced_train_segments_783, 0, 0, "bug"
balanced_train_segments_784, 0, 0, "bug"
balanced_train_segments_785, 0, 0, "bug"
balanced_train_segments_786, 0, 0, "bug"
balanced_train_segments_787, 0, 0, "bug"
balanced_train_segments_788, 0, 0, "bug"
balanced_train_segments_789, 0, 0, "bug"
balanced_train_segments_790, 0, 0, "bug"
balanced_train_segments_791, 0, 0, "bug"
balanced_train_segments_792, 0, 0, "bug"
balanced_train_segments_793, 0, 0, "bug"
balanced_train_segments_794, 0, 0, "bug"
balanced_train_segments_795, 0, 0, "bug"
balanced_train_segments_796, 0, 0, "bug"
balanced_train_segments_797, 0, 0, "bug"
balanced_train_segments_798, 0, 0, "bug"
balanced_train_segments_799, 0, 0, "bug"
balanced_train_segments_800, 0, 0, "bug"
balanced_train_segments_801, 0, 0, "bug"
balanced_train_segments_802, 0, 0, "bug"
balanced_train_segments_803, 0, 0, "bug"
balanced_train_segments_804, 0, 0, "bug"
balanced_train_segments_805, 0, 0, "bug"
balanced_train_segments_806, 0, 0, "bug"
balanced_train_segments_807, 0, 0, "bug"
balanced_train_segments_808, 0, 0, "bug"
balanced_train_segments_809, 0, 0, "bug"
balanced_train_segments_810, 0, 0, "bug"
balanced_train_segments_811, 0, 0, "bug"
balanced_train_segments_812, 0, 0, "bug"
balanced_train_segments_813, 0, 0, "bug"
balanced_train_segments_814, 0, 0, "bug"
balanced_train_segments_815, 0, 0, "bug"
balanced_train_segments_816, 0, 0, "bug"
balanced_train_segments_817, 0, 0, "bug"
balanced_train_segments_818, 0, 0, "bug"
balanced_train_segments_819, 0, 0, "bug"
balanced_train_segments_820, 0, 0, "bug"
balanced_train_segments_821, 0, 0, "bug"
balanced_train_segments_822, 0, 0, "bug"
balanced_train_segments_823, 0, 0, "bug"
balanced_train_segments_824, 0, 0, "bug"
balanced_train_segments_825, 0, 0, "bug"
balanced_train_segments_826, 0, 0, "bug"
balanced_train_segments_827, 0, 0, "bug"
balanced_train_segments_828, 0, 0, "bug"
balanced_train_segments_829, 0, 0, "bug"
balanced_train_segments_830, 0, 0, "bug"
balanced_train_segments_831, 0, 0, "bug"
balanced_train_segments_832, 0, 0, "bug"
balanced_train_segments_833, 0, 0, "bug"
balanced_train_segments_834, 0, 0, "bug"
balanced_train_segments_835, 0, 0, "bug"
balanced_train_segments_836, 0, 0, "bug"
balanced_train_segments_837, 0, 0, "bug"
balanced_train_segments_838, 0, 0, "bug"
balanced_train_segments_839, 0, 0, "bug"
balanced_train_segments_840, 0, 0, "bug"
balanced_train_segments_841, 0, 0, "bug"
balanced_train_segments_842, 0, 0, "bug"
balanced_train_segments_843, 0, 0, "bug"
balanced_train_segments_844, 0, 0, "bug"
balanced_train_segments_845, 0, 0, "bug"
balanced_train_segments_846, 0, 0, "bug"
balanced_train_segments_847, 0, 0, "bug"
balanced_train_segments_848, 0, 0, "bug"
balanced_train_segments_849, 0, 0, "bug"
balanced_train_segments_850, 0, 0, "bug"
balanced_train_segments_851, 0, 0, "bug"
balanced_train_segments_852, 0, 0, "bug"
balanced_train_segments_853, 0, 0, "bug"
balanced_train_segments_854, 0, 0, "bug"
balanced_train_segments_855, 0, 0, "bug"
balanced_train_segments_856, 0, 0, "bug"
balanced_train_segments_857, 0, 0, "bug"
balanced_train_segments_858, 0, 0, "bug"
balanced_train_segments_859, 0, 0, "bug"
balanced_train_segments_860, 0, 0, "bug"
balanced_train_segments_861, 0, 0, "bug"
balanced_train_segments_862, 0, 0, "bug"
balanced_train_segments_863, 0, 0, "bug"
balanced_train_segments_864, 0, 0, "bug"
balanced_train_segments_865, 0, 0, "bug"
balanced_train_segments_866, 0, 0, "bug"
balanced_train_segments_867, 0, 0, "bug"
balanced_train_segments_868, 0, 0, "bug"
balanced_train_segments_869, 0, 0, "bug"
balanced_train_segments_870, 0, 0, "bug"
balanced_train_segments_871, 0, 0, "bug"
balanced_train_segments_872, 0, 0, "bug"
balanced_train_segments_873, 0, 0, "bug"
balanced_train_segments_874, 0, 0, "bug"
balanced_train_segments_875, 0, 0, "bug"
balanced_train_segments_876, 0, 0, "bug"
balanced_train_segments_877, 0, 0, "bug"
balanced_train_segments_878, 0, 0, "bug"
balanced_train_segments_879, 0, 0, "bug"
balanced_train_segments_880, 0, 0, "bug"
balanced_train_segments_881, 0, 0, "bug"
balanced_train_segments_882, 0, 0, "bug"
balanced_train_segments_883, 0, 0, "bug"
balanced_train_segments_884, 0, 0, "bug"
balanced_train_segments_885, 0, 0, "bug"
balanced_train_segments_886, 0, 0, "bug"
balanced_train_segments_887, 0, 0, "bug"
balanced_train_segments_888, 0, 0, "bug"
balanced_train_segments_889, 0, 0, "bug"
balanced_train_segments_890, 0, 0, "bug"
balanced_train_segments_891, 0, 0, "bug"
balanced_train_segments_892, 0, 0, "bug"
balanced_train_segments_893, 0, 0, "bug"
balanced_train_segments_894, 0, 0, "bug"
balanced_train_segments_895, 0, 0, "bug"
balanced_train_segments_896, 0, 0, "bug"
balanced_train_segments_897, 0, 0, "bug"
balanced_train_segments_898, 0, 0, "bug"
balanced_train_segments_899, 0, 0, "bug"
balanced_train_segments_900, 0, 0, "bug"
balanced_train_segments_901, 0, 0, "bug"
balanced_train_segments_902, 0, 0, "bug"
balanced_train_segments_903, 0, 0, "bug"
balanced_train_segments_904, 0, 0, "bug"
balanced_train_segments_905, 0, 0, "bug"
balanced_train_segments_906, 0, 0, "bug"
balanced_train_segments_907, 0, 0, "bug"
balanced_train_segments_908, 0, 0, "bug"
balanced_train_segments_909, 0, 0, "bug"
balanced_train_segments_910, 0, 0, "bug"
balanced_train_segments_911, 0, 0, "bug"
balanced_train_segments_912, 0, 0, "bug"
balanced_train_segments_913, 0, 0, "bug"
balanced_train_segments_914, 0, 0, "bug"
balanced_train_segments_915, 0, 0, "bug"
balanced_train_segments_916, 0, 0, "bug"
balanced_train_segments_917, 0, 0, "bug"
balanced_train_segments_918, 0, 0, "bug"
balanced_train_segments_919, 0, 0, "bug"
balanced_train_segments_920, 0, 0, "bug"
balanced_train_segments_921, 0, 0, "bug"
balanced_train_segments_922, 0, 0, "bug"
balanced_train_segments_923, 0, 0, "bug"
balanced_train_segments_924, 0, 0, "bug"
balanced_train_segments_925, 0, 0, "bug"
balanced_train_segments_926, 0, 0, "bug"
balanced_train_segments_927, 0, 0, "bug"
balanced_train_segments_928, 0, 0, "bug"
balanced_train_segments_929, 0, 0, "bug"
balanced_train_segments_930, 0, 0, "bug"
balanced_train_segments_931, 0, 0, "bug"
balanced_train_segments_932, 0, 0, "bug"
balanced_train_segments_933, 0, 0, "bug"
balanced_train_segments_934, 0, 0, "bug"
balanced_train_segments_935, 0, 0, "bug"
balanced_train_segments_936, 0, 0, "bug"
balanced_train_segments_937, 0, 0, "bug"
balanced_train_segments_938, 0, 0, "bug"
balanced_train_segments_939, 0, 0, "bug"
balanced_train_segments_940, 0, 0, "bug"
balanced_train_segments_941, 0, 0, "bug"
balanced_train_segments_942, 0, 0, "bug"
balanced_train_segments_943, 0, 0, "bug"
balanced_train_segments_944, 0, 0, "bug"
balanced_train_segments_945, 0, 0, "bug"
balanced_train_segments_946, 0, 0, "bug"
balanced_train_segments_947, 0, 0, "bug"
balanced_train_segments_948, 0, 0, "bug"
balanced_train_segments_949, 0, 0, "bug"
balanced_train_segments_950, 0, 0, "bug"
balanced_train_segments_951, 0, 0, "bug"
balanced_train_segments_952, 0, 0, "bug"
balanced_train_segments_953, 0, 0, "bug"
balanced_train_segments_954, 0, 0, "bug"
balanced_train_segments_955, 0, 0, "bug"
balanced_train_segments_956, 0, 0, "bug"
balanced_train_segments_957, 0, 0, "bug"
balanced_train_segments_958, 0, 0, "bug"
balanced_train_segments_959, 0, 0, "bug"
balanced_train_segments_960, 0, 0, "bug"
balanced_train_segments_961, 0, 0, "bug"
balanced_train_segments_962, 0, 0, "bug"
balanced_train_segments_963, 0, 0, "bug"
balanced_train_segments_964, 0, 0, "bug"
balanced_train_segments_965, 0, 0, "bug"
balanced_train_segments_966, 0, 0, "bug"
balanced_train_segments_967, 0, 0, "bug"
balanced_train_segments_968, 0, 0, "bug"
balanced_train_segments_969, 0, 0, "bug"
balanced_train_segments_970, 0, 0, "bug"
balanced_train_segments_971, 0, 0, "bug"
balanced_train_segments_972, 0, 0, "bug"
balanced_train_segments_973, 0, 0, "bug"
balanced_train_segments_974, 0, 0, "bug"
balanced_train_segments_975, 0, 0, "bug"
balanced_train_segments_976, 0, 0, "bug"
balanced_train_segments_977, 0, 0, "bug"
balanced_train_segments_978, 0, 0, "bug"
balanced_train_segments_979, 0, 0, "bug"
balanced_train_segments_980, 0, 0, "bug"
balanced_train_segments_981, 0, 0, "bug"
balanced_train_segments_982, 0, 0, "bug"
balanced_train_segments_983, 0, 0, "bug"
balanced_train_segments_984, 0, 0, "bug"
balanced_train_segments_985, 0, 0, "bug"
balanced_train_segments_986, 0, 0, "bug"
balanced_train_segments_987, 0, 0, "bug"
balanced_train_segments_988, 0, 0, "bug"
balanced_train_segments_989, 0, 0, "bug"
balanced_train_segments_990, 0, 0, "bug"
balanced_train_segments_991, 0, 0, "bug"
balanced_train_segments_992, 0, 0, "bug"
balanced_train_segments_993, 0, 0, "bug"
balanced_train_segments_994, 0, 0, "bug"
balanced_train_segments_995, 0, 0, "bug"
balanced_train_segments_996, 0, 0, "bug"
balanced_train_segments_997, 0, 0, "bug"
balanced_train_segments_998, 0, 0, "bug"
balanced_train_segments_999, 0, 0, "bug"
balanced_train_segments_1000, 0, 0, "bug"
balanced_train_segments_1001, 0, 0, "bug"
balanced_train_segments_1002, 0, 0, "bug"
balanced_train_segments_1003, 0, 0, "bug"
balanced_train_segments_1004, 0, 0, "bug"
balanced_train_segments_1005, 0, 0, "bug"
balanced_train_segments_1006, 0, 0, "bug"
balanced_train_segments_1007, 0, 0, "bug"
balanced_train_segments_1008, 0, 0, "bug"
balanced_train_segments_1009, 0, 0, "bug"
balanced_train_segments_1010, 0, 0, "bug"
balanced_train_segments_1011, 0, 0, "bug"
balanced_train_segments_1012, 0, 0, "bug"
balanced_train_segments_1013, 0, 0, "bug"
balanced_train_segments_1014, 0, 0, "bug"
balanced_train_segments_1015, 0, 0, "bug"
balanced_train_segments_1016, 0, 0, "bug"
balanced_train_segments_1017, 0, 0, "bug"
balanced_train_segments_1018, 0, 0, "bug"
balanced_train_segments_1019, 0, 0, "bug"
balanced_train_segments_1020, 0, 0, "bug"
balanced_train_segments_1021, 0, 0, "bug"
balanced_train_segments_1022, 0, 0, "bug"
balanced_train_segments_1023, 0, 0, "bug"
balanced_train_segments_1024, 0, 0, "bug"
balanced_train_segments_1025, 0, 0, "bug"
balanced_train_segments_1026, 0, 0, "bug"
balanced_train_segments_1027, 0, 0, "bug"
balanced_train_segments_1028, 0, 0, "bug"
balanced_train_segments_1029, 0, 0, "bug"
balanced_train_segments_1030, 0, 0, "bug"
balanced_train_segments_1031, 0, 0, "bug"
balanced_train_segments_1032, 0, 0, "bug"
balanced_train_segments_1033, 0, 0, "bug"
balanced_train_segments_1034, 0, 0, "bug"
balanced_train_segments_1035, 0, 0, "bug"
balanced_train_segments_1036, 0, 0, "bug"
balanced_train_segments_1037, 0, 0, "bug"
balanced_train_segments_1038, 0, 0, "bug"
balanced_train_segments_1039, 0, 0, "bug"
balanced_train_segments_1040, 0, 0, "bug"
balanced_train_segments_1041, 0, 0, "bug"
balanced_train_segments_1042, 0, 0, "bug"
balanced_train_segments_1043, 0, 0, "bug"
balanced_train_segments_1044, 0, 0, "bug"
balanced_train_segments_1045, 0, 0, "bug"
balanced_train_segments_1046, 0, 0, "bug"
balanced_train_segments_1047, 0, 0, "bug"
balanced_train_segments_1048, 0, 0, "bug"
balanced_train_segments_1049, 0, 0, "bug"
balanced_train_segments_1050, 0, 0, "bug"
balanced_train_segments_1051, 0, 0, "bug"
balanced_train_segments_1052, 0, 0, "bug"
balanced_train_segments_1053, 0, 0, "bug"
balanced_train_segments_1054, 0, 0, "bug"
balanced_train_segments_1055, 0, 0, "bug"
balanced_train_segments_1056, 0, 0, "bug"
balanced_train_segments_1057, 0, 0, "bug"
balanced_train_segments_1058, 0, 0, "bug"
balanced_train_segments_1059, 0, 0, "bug"
balanced_train_segments_1060, 0, 0, "bug"
balanced_train_segments_1061, 0, 0, "bug"
balanced_train_segments_1062, 0, 0, "bug"
balanced_train_segments_1063, 0, 0, "bug"
balanced_train_segments_1064, 0, 0, "bug"
balanced_train_segments_1065, 0, 0, "bug"
balanced_train_segments_1066, 0, 0, "bug"
balanced_train_segments_1067, 0, 0, "bug"
balanced_train_segments_1068, 0, 0, "bug"
balanced_train_segments_1069, 0, 0, "bug"
balanced_train_segments_1070, 0, 0, "bug"
balanced_train_segments_1071, 0, 0, "bug"
balanced_train_segments_1072, 0, 0, "bug"
balanced_train_segments_1073, 0, 0, "bug"
balanced_train_segments_1074, 0, 0, "bug"
balanced_train_segments_1075, 0, 0, "bug"
balanced_train_segments_1076, 0, 0, "bug"
balanced_train_segments_1077, 0, 0, "bug"
balanced_train_segments_1078, 0, 0, "bug"
balanced_train_segments_1079, 0, 0, "bug"
balanced_train_segments_1080, 0, 0, "bug"
balanced_train_segments_1081, 0, 0, "bug"
balanced_train_segments_1082, 0, 0, "bug"
balanced_train_segments_1083, 0, 0, "bug"
balanced_train_segments_1084, 0, 0, "bug"
balanced_train_segments_1085, 0, 0, "bug"
balanced_train_segments_1086, 0, 0, "bug"
balanced_train_segments_1087, 0, 0, "bug"
balanced_train_segments_1088, 0, 0, "bug"
balanced_train_segments_1089, 0, 0, "bug"
balanced_train_segments_1090, 0, 0, "bug"
balanced_train_segments_1091, 0, 0, "bug"
balanced_train_segments_1092, 0, 0, "bug"
balanced_train_segments_1093, 0, 0, "bug"
balanced_train_segments_1094, 0, 0, "bug"
balanced_train_segments_1095, 0, 0, "bug"
balanced_train_segments_1096, 0, 0, "bug"
balanced_train_segments_1097, 0, 0, "bug"
balanced_train_segments_1098, 0, 0, "bug"
balanced_train_segments_1099, 0, 0, "bug"
balanced_train_segments_1100, 0, 0, "bug"
balanced_train_segments_1101, 0, 0, "bug"
balanced_train_segments_1102, 0, 0, "bug"
balanced_train_segments_1103, 0, 0, "bug"
balanced_train_segments_1104, 0, 0, "bug"
balanced_train_segments_1105, 0, 0, "bug"
balanced_train_segments_1106, 0, 0, "bug"
balanced_train_segments_1107, 0, 0, "bug"
balanced_train_segments_1108, 0, 0, "bug"
balanced_train_segments_1109, 0, 0, "bug"
balanced_train_segments_1110, 0, 0, "bug"
balanced_train_segments_1111, 0, 0, "bug"
balanced_train_segments_1112, 0, 0, "bug"
balanced_train_segments_1113, 0, 0, "bug"
balanced_train_segments_1114, 0, 0, "bug"
balanced_train_segments_1115, 0, 0, "bug"
balanced_train_segments_1116, 0, 0, "bug"
balanced_train_segments_1117, 0, 0, "bug"
balanced_train_segments_1118, 0, 0, "bug"
balanced_train_segments_1119, 0, 0, "bug"
balanced_train_segments_1120, 0, 0, "bug"
balanced_train_segments_1121, 0, 0, "bug"
balanced_train_segments_1122, 0, 0, "bug"
balanced_train_segments_1123, 0, 0, "bug"
balanced_train_segments_1124, 0, 0, "bug"
balanced_train_segments_1125, 0, 0, "bug"
balanced_train_segments_1126, 0, 0, "bug"
balanced_train_segments_1127, 0, 0, "bug"
balanced_train_segments_1128, 0, 0, "bug"
balanced_train_segments_1129, 0, 0, "bug"
balanced_train_segments_1130, 0, 0, "bug"
balanced_train_segments_1131, 0, 0, "bug"
balanced_train_segments_1132, 0, 0, "bug"
balanced_train_segments_1133, 0, 0, "bug"
balanced_train_segments_1134, 0, 0, "bug"
balanced_train_segments_1135, 0, 0, "bug"
balanced_train_segments_1136, 0, 0, "bug"
balanced_train_segments_1137, 0, 0, "bug"
balanced_train_segments_1138, 0, 0, "bug"
balanced_train_segments_1139, 0, 0, "bug"
balanced_train_segments_1140, 0, 0, "bug"
balanced_train_segments_1141, 0, 0, "bug"
balanced_train_segments_1142, 0, 0, "bug"
balanced_train_segments_1143, 0, 0, "bug"
balanced_train_segments_1144, 0, 0, "bug"
balanced_train_segments_1145, 0, 0, "bug"
balanced_train_segments_1146, 0, 0, "bug"
balanced_train_segments_1147, 0, 0, "bug"
balanced_train_segments_1148, 0, 0, "bug"
balanced_train_segments_1149, 0, 0, "bug"
balanced_train_segments_1150, 0, 0, "bug"
balanced_train_segments_1151, 0, 0, "bug"
balanced_train_segments_1152, 0, 0, "bug"
balanced_train_segments_1153, 0, 0, "bug"
balanced_train_segments_1154, 0, 0, "bug"
balanced_train_segments_1155, 0, 0, "bug"
balanced_train_segments_1156, 0, 0, "bug"
balanced_train_segments_1157, 0, 0, "bug"
balanced_train_segments_1158, 0, 0, "bug"
balanced_train_segments_1159, 0, 0, "bug"
balanced_train_segments_1160, 0, 0, "bug"
balanced_train_segments_1161, 0, 0, "bug"
balanced_train_segments_1162, 0, 0, "bug"
balanced_train_segments_1163, 0, 0, "bug"
balanced_train_segments_1164, 0, 0, "bug"
balanced_train_segments_1165, 0, 0, "bug"
balanced_train_segments_1166, 0, 0, "bug"
balanced_train_segments_1167, 0, 0, "bug"
balanced_train_segments_1168, 0, 0, "bug"
balanced_train_segments_1169, 0, 0, "bug"
balanced_train_segments_1170, 0, 0, "bug"
balanced_train_segments_1171, 0, 0, "bug"
balanced_train_segments_1172, 0, 0, "bug"
balanced_train_segments_1173, 0, 0, "bug"
balanced_train_segments_1174, 0, 0, "bug"
balanced_train_segments_1175, 0, 0, "bug"
balanced_train_segments_1176, 0, 0, "bug"
balanced_train_segments_1177, 0, 0, "bug"
balanced_train_segments_1178, 0, 0, "bug"
balanced_train_segments_1179, 0, 0, "bug"
balanced_train_segments_1180, 0, 0, "bug"
balanced_train_segments_1181, 0, 0, "bug"
balanced_train_segments_1182, 0, 0, "bug"
balanced_train_segments_1183, 0, 0, "bug"
balanced_train_segments_1184, 0, 0, "bug"
balanced_train_segments_1185, 0, 0, "bug"
balanced_train_segments_1186, 0, 0, "bug"
balanced_train_segments_1187, 0, 0, "bug"
balanced_train_segments_1188, 0, 0, "bug"
balanced_train_segments_1189, 0, 0, "bug"
balanced_train_segments_1190, 0, 0, "bug"
balanced_train_segments_1191, 0, 0, "bug"
balanced_train_segments_1192, 0, 0, "bug"
balanced_train_segments_1193, 0, 0, "bug"
balanced_train_segments_1194, 0, 0, "bug"
balanced_train_segments_1195, 0, 0, "bug"
balanced_train_segments_1196, 0, 0, "bug"
balanced_train_segments_1197, 0, 0, "bug"
balanced_train_segments_1198, 0, 0, "bug"
balanced_train_segments_1199, 0, 0, "bug"
balanced_train_segments_1200, 0, 0, "bug"
balanced_train_segments_1201, 0, 0, "bug"
balanced_train_segments_1202, 0, 0, "bug"
balanced_train_segments_1203, 0, 0, "bug"
balanced_train_segments_1204, 0, 0, "bug"
balanced_train_segments_1205, 0, 0, "bug"
balanced_train_segments_1206, 0, 0, "bug"
balanced_train_segments_1207, 0, 0, "bug"
balanced_train_segments_1208, 0, 0, "bug"
balanced_train_segments_1209, 0, 0, "bug"
balanced_train_segments_1210, 0, 0, "bug"
balanced_train_segments_1211, 0, 0, "bug"
balanced_train_segments_1212, 0, 0, "bug"
balanced_train_segments_1213, 0, 0, "bug"
balanced_train_segments_1214, 0, 0, "bug"
balanced_train_segments_1215, 0, 0, "bug"
balanced_train_segments_1216, 0, 0, "bug"
balanced_train_segments_1217, 0, 0, "bug"
balanced_train_segments_1218, 0, 0, "bug"
balanced_train_segments_1219, 0, 0, "bug"
balanced_train_segments_1220, 0, 0, "bug"
balanced_train_segments_1221, 0, 0, "bug"
balanced_train_segments_1222, 0, 0, "bug"
balanced_train_segments_1223, 0, 0, "bug"
balanced_train_segments_1224, 0, 0, "bug"
balanced_train_segments_1225, 0, 0, "bug"
balanced_train_segments_1226, 0, 0, "bug"
balanced_train_segments_1227, 0, 0, "bug"
balanced_train_segments_1228, 0, 0, "bug"
balanced_train_segments_1229, 0, 0, "bug"
balanced_train_segments_1230, 0, 0, "bug"
balanced_train_segments_1231, 0, 0, "bug"
balanced_train_segments_1232, 0, 0, "bug"
balanced_train_segments_1233, 0, 0, "bug"
balanced_train_segments_1234, 0, 0, "bug"
balanced_train_segments_1235, 0, 0, "bug"
balanced_train_segments_1236, 0, 0, "bug"
balanced_train_segments_1237, 0, 0, "bug"
balanced_train_segments_1238, 0, 0, "bug"
balanced_train_segments_1239, 0, 0, "bug"
balanced_train_segments_1240, 0, 0, "bug"
balanced_train_segments_1241, 0, 0, "bug"
balanced_train_segments_1242, 0, 0, "bug"
balanced_train_segments_1243, 0, 0, "bug"
balanced_train_segments_1244, 0, 0, "bug"
balanced_train_segments_1245, 0, 0, "bug"
balanced_train_segments_1246, 0, 0, "bug"
balanced_train_segments_1247, 0, 0, "bug"
balanced_train_segments_1248, 0, 0, "bug"
balanced_train_segments_1249, 0, 0, "bug"
balanced_train_segments_1250, 0, 0, "bug"
balanced_train_segments_1251, 0, 0, "bug"
balanced_train_segments_1252, 0, 0, "bug"
balanced_train_segments_1253, 0, 0, "bug"
balanced_train_segments_1254, 0, 0, "bug"
balanced_train_segments_1255, 0, 0, "bug"
balanced_train_segments_1256, 0, 0, "bug"
balanced_train_segments_1257, 0, 0, "bug"
balanced_train_segments_1258, 0, 0, "bug"
balanced_train_segments_1259, 0, 0, "bug"
balanced_train_segments_1260, 0, 0, "bug"
balanced_train_segments_1261, 0, 0, "bug"
balanced_train_segments_1262, 0, 0, "bug"
balanced_train_segments_1263, 0, 0, "bug"
balanced_train_segments_1264, 0, 0, "bug"
balanced_train_segments_1265, 0, 0, "bug"
balanced_train_segments_1266, 0, 0, "bug"
balanced_train_segments_1267, 0, 0, "bug"
balanced_train_segments_1268, 0, 0, "bug"
balanced_train_segments_1269, 0, 0, "bug"
balanced_train_segments_1270, 0, 0, "bug"
balanced_train_segments_1271, 0, 0, "bug"
balanced_train_segments_1272, 0, 0, "bug"
balanced_train_segments_1273, 0, 0, "bug"
balanced_train_segments_1274, 0, 0, "bug"
balanced_train_segments_1275, 0, 0, "bug"
balanced_train_segments_1276, 0, 0, "bug"
balanced_train_segments_1277, 0, 0, "bug"
balanced_train_segments_1278, 0, 0, "bug"
balanced_train_segments_1279, 0, 0, "bug"
balanced_train_segments_1280, 0, 0, "bug"
balanced_train_segments_1281, 0, 0, "bug"
balanced_train_segments_1282, 0, 0, "bug"
balanced_train_segments_1283, 0, 0, "bug"
balanced_train_segments_1284, 0, 0, "bug"
balanced_train_segments_1285, 0, 0, "bug"
balanced_train_segments_1286, 0, 0, "bug"
balanced_train_segments_1287, 0, 0, "bug"
balanced_train_segments_1288, 0, 0, "bug"
balanced_train_segments_1289, 0, 0, "bug"
balanced_train_segments_1290, 0, 0, "bug"
balanced_train_segments_1291, 0, 0, "bug"
balanced_train_segments_1292, 0, 0, "bug"
balanced_train_segments_1293, 0, 0, "bug"
balanced_train_segments_1294, 0, 0, "bug"
balanced_train_segments_1295, 0, 0, "bug"
balanced_train_segments_1296, 0, 0, "bug"
balanced_train_segments_1297, 0, 0, "bug"
balanced_train_segments_1298, 0, 0, "bug"
balanced_train_segments_1299, 0, 0, "bug"
balanced_train_segments_1300, 0, 0, "bug"
balanced_train_segments_1301, 0, 0, "bug"
balanced_train_segments_1302, 0, 0, "bug"
balanced_train_segments_1303, 0, 0, "bug"
balanced_train_segments_1304, 0, 0, "bug"
balanced_train_segments_1305, 0, 0, "bug"
balanced_train_segments_1306, 0, 0, "bug"
balanced_train_segments_1307, 0, 0, "bug"
balanced_train_segments_1308, 0, 0, "bug"
balanced_train_segments_1309, 0, 0, "bug"
balanced_train_segments_1310, 0, 0, "bug"
balanced_train_segments_1311, 0, 0, "bug"
balanced_train_segments_1312, 0, 0, "bug"
balanced_train_segments_1313, 0, 0, "bug"
balanced_train_segments_1314, 0, 0, "bug"
balanced_train_segments_1315, 0, 0, "bug"
balanced_train_segments_1316, 0, 0, "bug"
balanced_train_segments_1317, 0, 0, "bug"
balanced_train_segments_1318, 0, 0, "bug"
balanced_train_segments_1319, 0, 0, "bug"
balanced_train_segments_1320, 0, 0, "bug"
balanced_train_segments_1321, 0, 0, "bug"
balanced_train_segments_1322, 0, 0, "bug"
balanced_train_segments_1323, 0, 0, "bug"
balanced_train_segments_1324, 0, 0, "bug"
balanced_train_segments_1325, 0, 0, "bug"
balanced_train_segments_1326, 0, 0, "bug"
balanced_train_segments_1327, 0, 0, "bug"
balanced_train_segments_1328, 0, 0, "bug"
balanced_train_segments_1329, 0, 0, "bug"
balanced_train_segments_1330, 0, 0, "bug"
balanced_train_segments_1331, 0, 0, "bug"
balanced_train_segments_1332, 0, 0, "bug"
balanced_train_segments_1333, 0, 0, "bug"
balanced_train_segments_1334, 0, 0, "bug"
balanced_train_segments_1335, 0, 0, "bug"
balanced_train_segments_1336, 0, 0, "bug"
balanced_train_segments_1337, 0, 0, "bug"
balanced_train_segments_1338, 0, 0, "bug"
balanced_train_segments_1339, 0, 0, "bug"
balanced_train_segments_1340, 0, 0, "bug"
balanced_train_segments_1341, 0, 0, "bug"
balanced_train_segments_1342, 0, 0, "bug"
balanced_train_segments_1343, 0, 0, "bug"
balanced_train_segments_1344, 0, 0, "bug"
balanced_train_segments_1345, 0, 0, "bug"
balanced_train_segments_1346, 0, 0, "bug"
balanced_train_segments_1347, 0, 0, "bug"
balanced_train_segments_1348, 0, 0, "bug"
balanced_train_segments_1349, 0, 0, "bug"
balanced_train_segments_1350, 0, 0, "bug"
balanced_train_segments_1351, 0, 0, "bug"
balanced_train_segments_1352, 0, 0, "bug"
balanced_train_segments_1353, 0, 0, "bug"
balanced_train_segments_1354, 0, 0, "bug"
balanced_train_segments_1355, 0, 0, "bug"
balanced_train_segments_1356, 0, 0, "bug"
balanced_train_segments_1357, 0, 0, "bug"
balanced_train_segments_1358, 0, 0, "bug"
balanced_train_segments_1359, 0, 0, "bug"
balanced_train_segments_1360, 0, 0, "bug"
balanced_train_segments_1361, 0, 0, "bug"
balanced_train_segments_1362, 0, 0, "bug"
balanced_train_segments_1363, 0, 0, "bug"
balanced_train_segments_1364, 0, 0, "bug"
balanced_train_segments_1365, 0, 0, "bug"
balanced_train_segments_1366, 0, 0, "bug"
balanced_train_segments_1367, 0, 0, "bug"
balanced_train_segments_1368, 0, 0, "bug"
balanced_train_segments_1369, 0, 0, "bug"
balanced_train_segments_1370, 0, 0, "bug"
balanced_train_segments_1371, 0, 0, "bug"
balanced_train_segments_1372, 0, 0, "bug"
balanced_train_segments_1373, 0, 0, "bug"
balanced_train_segments_1374, 0, 0, "bug"
balanced_train_segments_1375, 0, 0, "bug"
balanced_train_segments_1376, 0, 0, "bug"
balanced_train_segments_1377, 0, 0, "bug"
balanced_train_segments_1378, 0, 0, "bug"
balanced_train_segments_1379, 0, 0, "bug"
balanced_train_segments_1380, 0, 0, "bug"
balanced_train_segments_1381, 0, 0, "bug"
balanced_train_segments_1382, 0, 0, "bug"
balanced_train_segments_1383, 0, 0, "bug"
balanced_train_segments_1384, 0, 0, "bug"
balanced_train_segments_1385, 0, 0, "bug"
balanced_train_segments_1386, 0, 0, "bug"
balanced_train_segments_1387, 0, 0, "bug"
balanced_train_segments_1388, 0, 0, "bug"
balanced_train_segments_1389, 0, 0, "bug"
balanced_train_segments_1390, 0, 0, "bug"
balanced_train_segments_1391, 0, 0, "bug"
balanced_train_segments_1392, 0, 0, "bug"
balanced_train_segments_1393, 0, 0, "bug"
balanced_train_segments_1394, 0, 0, "bug"
balanced_train_segments_1395, 0, 0, "bug"
balanced_train_segments_1396, 0, 0, "bug"
balanced_train_segments_1397, 0, 0, "bug"
balanced_train_segments_1398, 0, 0, "bug"
balanced_train_segments_1399, 0, 0, "bug"
balanced_train_segments_1400, 0, 0, "bug"
balanced_train_segments_1401, 0, 0, "frog"
balanced_train_segments_1402, 0, 0, "frog"
balanced_train_segments_1403, 0, 0, "frog"
balanced_train_segments_1404, 0, 0, "frog"
balanced_train_segments_1405, 0, 0, "frog"
balanced_train_segments_1406, 0, 0, "frog"
balanced_train_segments_1407, 0, 0, "frog"
balanced_train_segments_1408, 0, 0, "frog"
balanced_train_segments_1409, 0, 0, "frog"
balanced_train_segments_1410, 0, 0, "frog"
balanced_train_segments_1411, 0, 0, "frog"
balanced_train_segments_1412, 0, 0, "frog"
balanced_train_segments_1413, 0, 0, "frog"
balanced_train_segments_1414, 0, 0, "frog"
balanced_train_segments_1415, 0, 0, "frog"
balanced_train_segments_1416, 0, 0, "frog"
balanced_train_segments_1417, 0, 0, "frog"
balanced_train_segments_1418, 0, 0, "frog"
balanced_train_segments_1419, 0, 0, "frog"
balanced_train_segments_1420, 0, 0, "frog"
balanced_train_segments_1421, 0, 0, "frog"
balanced_train_segments_1422, 0, 0, "frog"
balanced_train_segments_1423, 0, 0, "frog"
balanced_train_segments_1424, 0, 0, "frog"
balanced_train_segments_1425, 0, 0, "frog"
balanced_train_segments_1426, 0, 0, "frog"
balanced_train_segments_1427, 0, 0, "frog"
balanced_train_segments_1428, 0, 0, "frog"
balanced_train_segments_1429, 0, 0, "frog"
balanced_train_segments_1430, 0, 0, "frog"
balanced_train_segments_1431, 0, 0, "frog"
balanced_train_segments_1432, 0, 0, "frog"
balanced_train_segments_1433, 0, 0, "frog"
balanced_train_segments_1434, 0, 0, "frog"
balanced_train_segments_1435, 0, 0, "frog"
balanced_train_segments_1436, 0, 0, "frog"
balanced_train_segments_1437, 0, 0, "frog"
balanced_train_segments_1438, 0, 0, "frog"
balanced_train_segments_1439, 0, 0, "frog"
balanced_train_segments_1440, 0, 0, "frog"
balanced_train_segments_1441, 0, 0, "frog"
balanced_train_segments_1442, 0, 0, "frog"
balanced_train_segments_1443, 0, 0, "frog"
balanced_train_segments_1444, 0, 0, "frog"
balanced_train_segments_1445, 0, 0, "frog"
balanced_train_segments_1446, 0, 0, "frog"
balanced_train_segments_1447, 0, 0, "frog"
balanced_train_segments_1448, 0, 0, "frog"
balanced_train_segments_1449, 0, 0, "frog"
balanced_train_segments_1450, 0, 0, "frog"
balanced_train_segments_1451, 0, 0, "frog"
balanced_train_segments_1452, 0, 0, "frog"
balanced_train_segments_1453, 0, 0, "frog"
balanced_train_segments_1454, 0, 0, "frog"
balanced_train_segments_1455, 0, 0, "frog"
balanced_train_segments_1456, 0, 0, "frog"
balanced_train_segments_1457, 0, 0, "frog"
balanced_train_segments_1458, 0, 0, "frog"
balanced_train_segments_1459, 0, 0, "frog"
balanced_train_segments_1460, 0, 0, "frog"
balanced_train_segments_1461, 0, 0, "frog"
balanced_train_segments_1462, 0, 0, "frog"
balanced_train_segments_1463, 0, 0, "frog"
balanced_train_segments_1464, 0, 0, "frog"
balanced_train_segments_1465, 0, 0, "frog"
balanced_train_segments_1466, 0, 0, "frog"
balanced_train_segments_1467, 0, 0, "frog"
balanced_train_segments_1468, 0, 0, "frog"
balanced_train_segments_1469, 0, 0, "frog"
balanced_train_segments_1470, 0, 0, "frog"
balanced_train_segments_1471, 0, 0, "frog"
balanced_train_segments_1472, 0, 0, "frog"
balanced_train_segments_1473, 0, 0, "frog"
balanced_train_segments_1474, 0, 0, "frog"
balanced_train_segments_1475, 0, 0, "frog"
balanced_train_segments_1476, 0, 0, "frog"
balanced_train_segments_1477, 0, 0, "frog"
balanced_train_segments_1478, 0, 0, "frog"
balanced_train_segments_1479, 0, 0, "frog"
balanced_train_segments_1480, 0, 0, "frog"
balanced_train_segments_1481, 0, 0, "frog"
balanced_train_segments_1482, 0, 0, "frog"
balanced_train_segments_1483, 0, 0, "frog"
balanced_train_segments_1484, 0, 0, "frog"
balanced_train_segments_1485, 0, 0, "frog"
balanced_train_segments_1486, 0, 0, "frog"
balanced_train_segments_1487, 0, 0, "frog"
balanced_train_segments_1488, 0, 0, "frog"
balanced_train_segments_1489, 0, 0, "frog"
balanced_train_segments_1490, 0, 0, "frog"
balanced_train_segments_1491, 0, 0, "frog"
balanced_train_segments_1492, 0, 0, "frog"
balanced_train_segments_1493, 0, 0, "frog"
balanced_train_segments_1494, 0, 0, "frog"
balanced_train_segments_1495, 0, 0, "frog"
balanced_train_segments_1496, 0, 0, "frog"
balanced_train_segments_1497, 0, 0, "frog"
balanced_train_segments_1498, 0, 0, "frog"
balanced_train_segments_1499, 0, 0, "frog"
balanced_train_segments_1500, 0, 0, "frog"
balanced_train_segments_1501, 0, 0, "frog"
balanced_train_segments_1502, 0, 0, "frog"
balanced_train_segments_1503, 0, 0, "frog"
balanced_train_segments_1504, 0, 0, "frog"
balanced_train_segments_1505, 0, 0, "frog"
balanced_train_segments_1506, 0, 0, "frog"
balanced_train_segments_1507, 0, 0, "frog"
balanced_train_segments_1508, 0, 0, "frog"
balanced_train_segments_1509, 0, 0, "frog"
balanced_train_segments_1510, 0, 0, "frog"
balanced_train_segments_1511, 0, 0, "frog"
balanced_train_segments_1512, 0, 0, "frog"
balanced_train_segments_1513, 0, 0, "frog"
balanced_train_segments_1514, 0, 0, "frog"
balanced_train_segments_1515, 0, 0, "frog"
balanced_train_segments_1516, 0, 0, "frog"
balanced_train_segments_1517, 0, 0, "frog"
balanced_train_segments_1518, 0, 0, "frog"
balanced_train_segments_1519, 0, 0, "frog"
balanced_train_segments_1520, 0, 0, "frog"
balanced_train_segments_1521, 0, 0, "frog"
balanced_train_segments_1522, 0, 0, "frog"
balanced_train_segments_1523, 0, 0, "frog"
balanced_train_segments_1524, 0, 0, "frog"
balanced_train_segments_1525, 0, 0, "frog"
balanced_train_segments_1526, 0, 0, "frog"
balanced_train_segments_1527, 0, 0, "frog"
balanced_train_segments_1528, 0, 0, "frog"
balanced_train_segments_1529, 0, 0, "frog"
balanced_train_segments_1530, 0, 0, "frog"
balanced_train_segments_1531, 0, 0, "frog"
balanced_train_segments_1532, 0, 0, "frog"
balanced_train_segments_1533, 0, 0, "frog"
balanced_train_segments_1534, 0, 0, "frog"
balanced_train_segments_1535, 0, 0, "frog"
balanced_train_segments_1536, 0, 0, "frog"
balanced_train_segments_1537, 0, 0, "frog"
balanced_train_segments_1538, 0, 0, "frog"
balanced_train_segments_1539, 0, 0, "frog"
balanced_train_segments_1540, 0, 0, "frog"
balanced_train_segments_1541, 0, 0, "frog"
balanced_train_segments_1542, 0, 0, "frog"
balanced_train_segments_1543, 0, 0, "frog"
balanced_train_segments_1544, 0, 0, "frog"
balanced_train_segments_1545, 0, 0, "frog"
balanced_train_segments_1546, 0, 0, "frog"
balanced_train_segments_1547, 0, 0, "frog"
balanced_train_segments_1548, 0, 0, "frog"
balanced_train_segments_1549, 0, 0, "frog"
balanced_train_segments_1550, 0, 0, "frog"
balanced_train_segments_1551, 0, 0, "frog"
balanced_train_segments_1552, 0, 0, "frog"
balanced_train_segments_1553, 0, 0, "frog"
balanced_train_segments_1554, 0, 0, "frog"
balanced_train_segments_1555, 0, 0, "frog"
balanced_train_segments_1556, 0, 0, "frog"
balanced_train_segments_1557, 0, 0, "frog"
balanced_train_segments_1558, 0, 0, "frog"
balanced_train_segments_1559, 0, 0, "frog"
balanced_train_segments_1560, 0, 0, "frog"
balanced_train_segments_1561, 0, 0, "frog"
balanced_train_segments_1562, 0, 0, "frog"
balanced_train_segments_1563, 0, 0, "frog"
balanced_train_segments_1564, 0, 0, "frog"
balanced_train_segments_1565, 0, 0, "frog"
balanced_train_segments_1566, 0, 0, "frog"
balanced_train_segments_1567, 0, 0, "frog"
balanced_train_segments_1568, 0, 0, "frog"
balanced_train_segments_1569, 0, 0, "frog"
balanced_train_segments_1570, 0, 0, "frog"
balanced_train_segments_1571, 0, 0, "frog"
balanced_train_segments_1572, 0, 0, "frog"
balanced_train_segments_1573, 0, 0, "frog"
balanced_train_segments_1574, 0, 0, "frog"
balanced_train_segments_1575, 0, 0, "frog"
balanced_train_segments_1576, 0, 0, "frog"
balanced_train_segments_1577, 0, 0, "frog"
balanced_train_segments_1578, 0, 0, "frog"
balanced_train_segments_1579, 0, 0, "frog"
balanced_train_segments_1580, 0, 0, "frog"
balanced_train_segments_1581, 0, 0, "frog"
balanced_train_segments_1582, 0, 0, "frog"
balanced_train_segments_1583, 0, 0, "frog"
balanced_train_segments_1584, 0, 0, "frog"
balanced_train_segments_1585, 0, 0, "frog"
balanced_train_segments_1586, 0, 0, "frog"
balanced_train_segments_1587, 0, 0, "frog"
balanced_train_segments_1588, 0, 0, "frog"
balanced_train_segments_1589, 0, 0, "frog"
balanced_train_segments_1590, 0, 0, "frog"
balanced_train_segments_1591, 0, 0, "frog"
balanced_train_segments_1592, 0, 0, "frog"
balanced_train_segments_1593, 0, 0, "frog"
balanced_train_segments_1594, 0, 0, "frog"
balanced_train_segments_1595, 0, 0, "frog"
balanced_train_segments_1596, 0, 0, "frog"
balanced_train_segments_1597, 0, 0, "frog"
balanced_train_segments_1598, 0, 0, "frog"
balanced_train_segments_1599, 0, 0, "frog"
balanced_train_segments_1600, 0, 0, "frog"
balanced_train_segments_1601, 0, 0, "frog"
balanced_train_segments_1602, 0, 0, "frog"
balanced_train_segments_1603, 0, 0, "frog"
balanced_train_segments_1604, 0, 0, "frog"
balanced_train_segments_1605, 0, 0, "frog"
balanced_train_segments_1606, 0, 0, "frog"
balanced_train_segments_1607, 0, 0, "frog"
balanced_train_segments_1608, 0, 0, "frog"
balanced_train_segments_1609, 0, 0, "frog"
balanced_train_segments_1610, 0, 0, "frog"
balanced_train_segments_1611, 0, 0, "frog"
balanced_train_segments_1612, 0, 0, "frog"
balanced_train_segments_1613, 0, 0, "frog"
balanced_train_segments_1614, 0, 0, "frog"
balanced_train_segments_1615, 0, 0, "frog"
balanced_train_segments_1616, 0, 0, "frog"
balanced_train_segments_1617, 0, 0, "frog"
balanced_train_segments_1618, 0, 0, "frog"
balanced_train_segments_1619, 0, 0, "frog"
balanced_train_segments_1620, 0, 0, "frog"
balanced_train_segments_1621, 0, 0, "frog"
balanced_train_segments_1622, 0, 0, "frog"
balanced_train_segments_1623, 0, 0, "frog"
balanced_train_segments_1624, 0, 0, "frog"
balanced_train_segments_1625, 0, 0, "frog"
balanced_train_segments_1626, 0, 0, "frog"
balanced_train_segments_1627, 0, 0, "frog"
balanced_train_segments_1628, 0, 0, "frog"
balanced_train_segments_1629, 0, 0, "frog"
balanced_train_segments_1630, 0, 0, "frog"
balanced_train_segments_1631, 0, 0, "frog"
balanced_train_segments_1632, 0, 0, "frog"
balanced_train_segments_1633, 0, 0, "frog"
balanced_train_segments_1634, 0, 0, "frog"
balanced_train_segments_1635, 0, 0, "frog"
balanced_train_segments_1636, 0, 0, "frog"
balanced_train_segments_1637, 0, 0, "frog"
balanced_train_segments_1638, 0, 0, "frog"
balanced_train_segments_1639, 0, 0, "frog"
balanced_train_segments_1640, 0, 0, "frog"
balanced_train_segments_1641, 0, 0, "frog"
balanced_train_segments_1642, 0, 0, "frog"
balanced_train_segments_1643, 0, 0, "frog"
balanced_train_segments_1644, 0, 0, "frog"
balanced_train_segments_1645, 0, 0, "frog"
balanced_train_segments_1646, 0, 0, "frog"
balanced_train_segments_1647, 0, 0, "frog"
balanced_train_segments_1648, 0, 0, "frog"
balanced_train_segments_1649, 0, 0, "frog"
balanced_train_segments_1650, 0, 0, "frog"
balanced_train_segments_1651, 0, 0, "frog"
balanced_train_segments_1652, 0, 0, "frog"
balanced_train_segments_1653, 0, 0, "frog"
balanced_train_segments_1654, 0, 0, "frog"
balanced_train_segments_1655, 0, 0, "frog"
balanced_train_segments_1656, 0, 0, "frog"
balanced_train_segments_1657, 0, 0, "frog"
balanced_train_segments_1658, 0, 0, "frog"
balanced_train_segments_1659, 0, 0, "frog"
balanced_train_segments_1660, 0, 0, "frog"
balanced_train_segments_1661, 0, 0, "frog"
balanced_train_segments_1662, 0, 0, "frog"
balanced_train_segments_1663, 0, 0, "frog"
balanced_train_segments_1664, 0, 0, "frog"
balanced_train_segments_1665, 0, 0, "frog"
balanced_train_segments_1666, 0, 0, "frog"
balanced_train_segments_1667, 0, 0, "frog"
balanced_train_segments_1668, 0, 0, "frog"
balanced_train_segments_1669, 0, 0, "frog"
balanced_train_segments_1670, 0, 0, "frog"
balanced_train_segments_1671, 0, 0, "frog"
balanced_train_segments_1672, 0, 0, "frog"
balanced_train_segments_1673, 0, 0, "frog"
balanced_train_segments_1674, 0, 0, "frog"
balanced_train_segments_1675, 0, 0, "frog"
balanced_train_segments_1676, 0, 0, "frog"
balanced_train_segments_1677, 0, 0, "frog"
balanced_train_segments_1678, 0, 0, "frog"
balanced_train_segments_1679, 0, 0, "frog"
balanced_train_segments_1680, 0, 0, "frog"
balanced_train_segments_1681, 0, 0, "frog"
balanced_train_segments_1682, 0, 0, "frog"
balanced_train_segments_1683, 0, 0, "frog"
balanced_train_segments_1684, 0, 0, "frog"
balanced_train_segments_1685, 0, 0, "frog"
balanced_train_segments_1686, 0, 0, "frog"
balanced_train_segments_1687, 0, 0, "frog"
balanced_train_segments_1688, 0, 0, "frog"
balanced_train_segments_1689, 0, 0, "frog"
balanced_train_segments_1690, 0, 0, "frog"
balanced_train_segments_1691, 0, 0, "frog"
balanced_train_segments_1692, 0, 0, "frog"
balanced_train_segments_1693, 0, 0, "frog"
balanced_train_segments_1694, 0, 0, "frog"
balanced_train_segments_1695, 0, 0, "frog"
balanced_train_segments_1696, 0, 0, "frog"
balanced_train_segments_1697, 0, 0, "frog"
balanced_train_segments_1698, 0, 0, "frog"
balanced_train_segments_1699, 0, 0, "frog"
balanced_train_segments_1700, 0, 0, "frog"
balanced_train_segments_1701, 0, 0, "frog"
balanced_train_segments_1702, 0, 0, "frog"
balanced_train_segments_1703, 0, 0, "frog"
balanced_train_segments_1704, 0, 0, "frog"
balanced_train_segments_1705, 0, 0, "frog"
balanced_train_segments_1706, 0, 0, "frog"
balanced_train_segments_1707, 0, 0, "frog"
balanced_train_segments_1708, 0, 0, "frog"
balanced_train_segments_1709, 0, 0, "frog"
balanced_train_segments_1710, 0, 0, "frog"
balanced_train_segments_1711, 0, 0, "frog"
balanced_train_segments_1712, 0, 0, "frog"
balanced_train_segments_1713, 0, 0, "frog"
balanced_train_segments_1714, 0, 0, "frog"
balanced_train_segments_1715, 0, 0, "frog"
balanced_train_segments_1716, 0, 0, "frog"
balanced_train_segments_1717, 0, 0, "frog"
balanced_train_segments_1718, 0, 0, "frog"
balanced_train_segments_1719, 0, 0, "frog"
balanced_train_segments_1720, 0, 0, "frog"
balanced_train_segments_1721, 0, 0, "frog"
balanced_train_segments_1722, 0, 0, "frog"
balanced_train_segments_1723, 0, 0, "frog"
balanced_train_segments_1724, 0, 0, "frog"
balanced_train_segments_1725, 0, 0, "frog"
balanced_train_segments_1726, 0, 0, "frog"
balanced_train_segments_1727, 0, 0, "frog"
balanced_train_segments_1728, 0, 0, "frog"
balanced_train_segments_1729, 0, 0, "frog"
balanced_train_segments_1730, 0, 0, "frog"
balanced_train_segments_1731, 0, 0, "frog"
balanced_train_segments_1732, 0, 0, "frog"
balanced_train_segments_1733, 0, 0, "frog"
balanced_train_segments_1734, 0, 0, "frog"
balanced_train_segments_1735, 0, 0, "frog"
balanced_train_segments_1736, 0, 0, "frog"
balanced_train_segments_1737, 0, 0, "frog"
balanced_train_segments_1738, 0, 0, "frog"
balanced_train_segments_1739, 0, 0, "frog"
balanced_train_segments_1740, 0, 0, "frog"
balanced_train_segments_1741, 0, 0, "frog"
balanced_train_segments_1742, 0, 0, "frog"
balanced_train_segments_1743, 0, 0, "frog"
balanced_train_segments_1744, 0, 0, "frog"
balanced_train_segments_1745, 0, 0, "frog"
balanced_train_segments_1746, 0, 0, "frog"
balanced_train_segments_1747, 0, 0, "frog"
balanced_train_segments_1748, 0, 0, "frog"
balanced_train_segments_1749, 0, 0, "frog"
balanced_train_segments_1750, 0, 0, "frog"
balanced_train_segments_1751, 0, 0, "frog"
balanced_train_segments_1752, 0, 0, "frog"
balanced_train_segments_1753, 0, 0, "frog"
balanced_train_segments_1754, 0, 0, "frog"
balanced_train_segments_1755, 0, 0, "frog"
balanced_train_segments_1756, 0, 0, "frog"
balanced_train_segments_1757, 0, 0, "frog"
balanced_train_segments_1758, 0, 0, "frog"
balanced_train_segments_1759, 0, 0, "frog"
balanced_train_segments_1760, 0, 0, "frog"
balanced_train_segments_1761, 0, 0, "frog"
balanced_train_segments_1762, 0, 0, "frog"
balanced_train_segments_1763, 0, 0, "frog"
balanced_train_segments_1764, 0, 0, "frog"
balanced_train_segments_1765, 0, 0, "frog"
balanced_train_segments_1766, 0, 0, "frog"
balanced_train_segments_1767, 0, 0, "frog"
balanced_train_segments_1768, 0, 0, "frog"
balanced_train_segments_1769, 0, 0, "frog"
balanced_train_segments_1770, 0, 0, "frog"
balanced_train_segments_1771, 0, 0, "frog"
balanced_train_segments_1772, 0, 0, "frog"
balanced_train_segments_1773, 0, 0, "frog"
balanced_train_segments_1774, 0, 0, "frog"
balanced_train_segments_1775, 0, 0, "frog"
balanced_train_segments_1776, 0, 0, "frog"
balanced_train_segments_1777, 0, 0, "frog"
balanced_train_segments_1778, 0, 0, "frog"
balanced_train_segments_1779, 0, 0, "frog"
balanced_train_segments_1780, 0, 0, "frog"
balanced_train_segments_1781, 0, 0, "frog"
balanced_train_segments_1782, 0, 0, "frog"
balanced_train_segments_1783, 0, 0, "frog"
balanced_train_segments_1784, 0, 0, "frog"
balanced_train_segments_1785, 0, 0, "frog"
balanced_train_segments_1786, 0, 0, "frog"
balanced_train_segments_1787, 0, 0, "frog"
balanced_train_segments_1788, 0, 0, "frog"
balanced_train_segments_1789, 0, 0, "frog"
balanced_train_segments_1790, 0, 0, "frog"
balanced_train_segments_1791, 0, 0, "frog"
balanced_train_segments_1792, 0, 0, "frog"
balanced_train_segments_1793, 0, 0, "frog"
balanced_train_segments_1794, 0, 0, "frog"
balanced_train_segments_1795, 0, 0, "frog"
balanced_train_segments_1796, 0, 0, "frog"
balanced_train_segments_1797, 0, 0, "frog"
balanced_train_segments_1798, 0, 0, "frog"
balanced_train_segments_1799, 0, 0, "frog"
balanced_train_segments_1800, 0, 0, "frog"
balanced_train_segments_1801, 0, 0, "frog"
balanced_train_segments_1802, 0, 0, "frog"
balanced_train_segments_1803, 0, 0, "frog"
balanced_train_segments_1804, 0, 0, "frog"
balanced_train_segments_1805, 0, 0, "frog"
balanced_train_segments_1806, 0, 0, "frog"
balanced_train_segments_1807, 0, 0, "frog"
balanced_train_segments_1808, 0, 0, "frog"
balanced_train_segments_1809, 0, 0, "frog"
balanced_train_segments_1810, 0, 0, "frog"
balanced_train_segments_1811, 0, 0, "frog"
balanced_train_segments_1812, 0, 0, "frog"
balanced_train_segments_1813, 0, 0, "frog"
balanced_train_segments_1814, 0, 0, "frog"
balanced_train_segments_1815, 0, 0, "frog"
balanced_train_segments_1816, 0, 0, "frog"
balanced_train_segments_1817, 0, 0, "frog"
balanced_train_segments_1818, 0, 0, "frog"
balanced_train_segments_1819, 0, 0, "frog"
balanced_train_segments_1820, 0, 0, "frog"
balanced_train_segments_1821, 0, 0, "frog"
balanced_train_segments_1822, 0, 0, "frog"
balanced_train_segments_1823, 0, 0, "frog"
balanced_train_segments_1824, 0, 0, "frog"
balanced_train_segments_1825, 0, 0, "frog"
balanced_train_segments_1826, 0, 0, "frog"
balanced_train_segments_1827, 0, 0, "frog"
balanced_train_segments_1828, 0, 0, "frog"
balanced_train_segments_1829, 0, 0, "frog"
balanced_train_segments_1830, 0, 0, "frog"
balanced_train_segments_1831, 0, 0, "frog"
balanced_train_segments_1832, 0, 0, "frog"
balanced_train_segments_1833, 0, 0, "frog"
balanced_train_segments_1834, 0, 0, "frog"
balanced_train_segments_1835, 0, 0, "frog"
balanced_train_segments_1836, 0, 0, "frog"
balanced_train_segments_1837, 0, 0, "frog"
balanced_train_segments_1838, 0, 0, "frog"
balanced_train_segments_1839, 0, 0, "frog"
balanced_train_segments_1840, 0, 0, "frog"
balanced_train_segments_1841, 0, 0, "frog"
balanced_train_segments_1842, 0, 0, "frog"
balanced_train_segments_1843, 0, 0, "frog"
balanced_train_segments_1844, 0, 0, "frog"
balanced_train_segments_1845, 0, 0, "frog"
balanced_train_segments_1846, 0, 0, "frog"
balanced_train_segments_1847, 0, 0, "frog"
balanced_train_segments_1848, 0, 0, "frog"
balanced_train_segments_1849, 0, 0, "frog"
balanced_train_segments_1850, 0, 0, "frog"
balanced_train_segments_1851, 0, 0, "frog"
balanced_train_segments_1852, 0, 0, "frog"
balanced_train_segments_1853, 0, 0, "frog"
balanced_train_segments_1854, 0, 0, "frog"
balanced_train_segments_1855, 0, 0, "frog"
balanced_train_segments_1856, 0, 0, "frog"
balanced_train_segments_1857, 0, 0, "frog"
balanced_train_segments_1858, 0, 0, "frog"
balanced_train_segments_1859, 0, 0, "frog"
balanced_train_segments_1860, 0, 0, "frog"
balanced_train_segments_1861, 0, 0, "frog"
balanced_train_segments_1862, 0, 0, "frog"
balanced_train_segments_1863, 0, 0, "frog"
balanced_train_segments_1864, 0, 0, "frog"
balanced_train_segments_1865, 0, 0, "frog"
balanced_train_segments_1866, 0, 0, "frog"
balanced_train_segments_1867, 0, 0, "frog"
balanced_train_segments_1868, 0, 0, "frog"
balanced_train_segments_1869, 0, 0, "frog"
balanced_train_segments_1870, 0, 0, "frog"
balanced_train_segments_1871, 0, 0, "frog"
balanced_train_segments_1872, 0, 0, "frog"
balanced_train_segments_1873, 0, 0, "frog"
balanced_train_segments_1874, 0, 0, "frog"
balanced_train_segments_1875, 0, 0, "frog"
balanced_train_segments_1876, 0, 0, "frog"
balanced_train_segments_1877, 0, 0, "frog"
balanced_train_segments_1878, 0, 0, "frog"
balanced_train_segments_1879, 0, 0, "frog"
balanced_train_segments_1880, 0, 0, "frog"
balanced_train_segments_1881, 0, 0, "frog"
balanced_train_segments_1882, 0, 0, "frog"
balanced_train_segments_1883, 0, 0, "frog"
balanced_train_segments_1884, 0, 0, "frog"
balanced_train_segments_1885, 0, 0, "frog"
balanced_train_segments_1886, 0, 0, "frog"
balanced_train_segments_1887, 0, 0, "frog"
balanced_train_segments_1888, 0, 0, "frog"
balanced_train_segments_1889, 0, 0, "frog"
balanced_train_segments_1890, 0, 0, "frog"
balanced_train_segments_1891, 0, 0, "frog"
balanced_train_segments_1892, 0, 0, "frog"
balanced_train_segments_1893, 0, 0, "frog"
balanced_train_segments_1894, 0, 0, "frog"
balanced_train_segments_1895, 0, 0, "frog"
balanced_train_segments_1896, 0, 0, "frog"
balanced_train_segments_1897, 0, 0, "frog"
balanced_train_segments_1898, 0, 0, "frog"
balanced_train_segments_1899, 0, 0, "frog"
balanced_train_segments_1900, 0, 0, "frog"
balanced_train_segments_1901, 0, 0, "frog"
balanced_train_segments_1902, 0, 0, "frog"
balanced_train_segments_1903, 0, 0, "frog"
balanced_train_segments_1904, 0, 0, "frog"
balanced_train_segments_1905, 0, 0, "frog"
balanced_train_segments_1906, 0, 0, "frog"
balanced_train_segments_1907, 0, 0, "frog"
balanced_train_segments_1908, 0, 0, "frog"
balanced_train_segments_1909, 0, 0, "frog"
balanced_train_segments_1910, 0, 0, "frog"
balanced_train_segments_1911, 0, 0, "frog"
balanced_train_segments_1912, 0, 0, "frog"
balanced_train_segments_1913, 0, 0, "frog"
balanced_train_segments_1914, 0, 0, "frog"
balanced_train_segments_1915, 0, 0, "frog"
balanced_train_segments_1916, 0, 0, "frog"
balanced_train_segments_1917, 0, 0, "frog"
balanced_train_segments_1918, 0, 0, "frog"
balanced_train_segments_1919, 0, 0, "frog"
balanced_train_segments_1920, 0, 0, "frog"
balanced_train_segments_1921, 0, 0, "frog"
balanced_train_segments_1922, 0, 0, "frog"
balanced_train_segments_1923, 0, 0, "frog"
balanced_train_segments_1924, 0, 0, "frog"
balanced_train_segments_1925, 0, 0, "frog"
balanced_train_segments_1926, 0, 0, "frog"
balanced_train_segments_1927, 0, 0, "frog"
balanced_train_segments_1928, 0, 0, "frog"
balanced_train_segments_1929, 0, 0, "frog"
balanced_train_segments_1930, 0, 0, "frog"
balanced_train_segments_1931, 0, 0, "frog"
balanced_train_segments_1932, 0, 0, "frog"
balanced_train_segments_1933, 0, 0, "frog"
balanced_train_segments_1934, 0, 0, "frog"
balanced_train_segments_1935, 0, 0, "frog"
balanced_train_segments_1936, 0, 0, "frog"
balanced_train_segments_1937, 0, 0, "frog"
balanced_train_segments_1938, 0, 0, "frog"
balanced_train_segments_1939, 0, 0, "frog"
balanced_train_segments_1940, 0, 0, "frog"
balanced_train_segments_1941, 0, 0, "frog"
balanced_train_segments_1942, 0, 0, "frog"
balanced_train_segments_1943, 0, 0, "frog"
balanced_train_segments_1944, 0, 0, "frog"
balanced_train_segments_1945, 0, 0, "frog"
balanced_train_segments_1946, 0, 0, "frog"
balanced_train_segments_1947, 0, 0, "frog"
balanced_train_segments_1948, 0, 0, "frog"
balanced_train_segments_1949, 0, 0, "frog"
balanced_train_segments_1950, 0, 0, "frog"
balanced_train_segments_1951, 0, 0, "frog"
balanced_train_segments_1952, 0, 0, "frog"
balanced_train_segments_1953, 0, 0, "frog"
balanced_train_segments_1954, 0, 0, "frog"
balanced_train_segments_1955, 0, 0, "frog"
balanced_train_segments_1956, 0, 0, "frog"
balanced_train_segments_1957, 0, 0, "frog"
balanced_train_segments_1958, 0, 0, "frog"
balanced_train_segments_1959, 0, 0, "frog"
balanced_train_segments_1960, 0, 0, "frog"
balanced_train_segments_1961, 0, 0, "frog"
balanced_train_segments_1962, 0, 0, "frog"
balanced_train_segments_1963, 0, 0, "frog"
balanced_train_segments_1964, 0, 0, "frog"
balanced_train_segments_1965, 0, 0, "frog"
balanced_train_segments_1966, 0, 0, "frog"
balanced_train_segments_1967, 0, 0, "frog"
balanced_train_segments_1968, 0, 0, "frog"
balanced_train_segments_1969, 0, 0, "frog"
balanced_train_segments_1970, 0, 0, "frog"
balanced_train_segments_1971, 0, 0, "frog"
balanced_train_segments_1972, 0, 0, "frog"
balanced_train_segments_1973, 0, 0, "frog"
balanced_train_segments_1974, 0, 0, "frog"
balanced_train_segments_1975, 0, 0, "frog"
balanced_train_segments_1976, 0, 0, "frog"
balanced_train_segments_1977, 0, 0, "frog"
balanced_train_segments_1978, 0, 0, "frog"
balanced_train_segments_1979, 0, 0, "frog"
balanced_train_segments_1980, 0, 0, "frog"
balanced_train_segments_1981, 0, 0, "frog"
balanced_train_segments_1982, 0, 0, "frog"
balanced_train_segments_1983, 0, 0, "frog"
balanced_train_segments_1984, 0, 0, "frog"
balanced_train_segments_1985, 0, 0, "frog"
balanced_train_segments_1986, 0, 0, "frog"
balanced_train_segments_1987, 0, 0, "frog"
balanced_train_segments_1988, 0, 0, "frog"
balanced_train_segments_1989, 0, 0, "frog"
balanced_train_segments_1990, 0, 0, "frog"
balanced_train_segments_1991, 0, 0, "frog"
balanced_train_segments_1992, 0, 0, "frog"
balanced_train_segments_1993, 0, 0, "frog"
balanced_train_segments_1994, 0, 0, "frog"
balanced_train_segments_1995, 0, 0, "frog"
balanced_train_segments_1996, 0, 0, "frog"
balanced_train_segments_1997, 0, 0, "frog"
balanced_train_segments_1998, 0, 0, "frog"
balanced_train_segments_1999, 0, 0, "frog"
balanced_train_segments_2000, 0, 0, "frog"
balanced_train_segments_2001, 0, 0, "frog"
balanced_train_segments_2002, 0, 0, "frog"
balanced_train_segments_2003, 0, 0, "frog"
balanced_train_segments_2004, 0, 0, "frog"
balanced_train_segments_2005, 0, 0, "frog"
balanced_train_segments_2006, 0, 0, "frog"
balanced_train_segments_2007, 0, 0, "frog"
balanced_train_segments_2008, 0, 0, "frog"
balanced_train_segments_2009, 0, 0, "frog"
balanced_train_segments_2010, 0, 0, "frog"
balanced_train_segments_2011, 0, 0, "frog"
balanced_train_segments_2012, 0, 0, "frog"
balanced_train_segments_2013, 0, 0, "frog"
balanced_train_segments_2014, 0, 0, "frog"
balanced_train_segments_2015, 0, 0, "frog"
balanced_train_segments_2016, 0, 0, "frog"
balanced_train_segments_2017, 0, 0, "frog"
balanced_train_segments_2018, 0, 0, "frog"
balanced_train_segments_2019, 0, 0, "frog"
balanced_train_segments_2020, 0, 0, "frog"
balanced_train_segments_2021, 0, 0, "frog"
balanced_train_segments_2022, 0, 0, "frog"
balanced_train_segments_2023, 0, 0, "frog"
balanced_train_segments_2024, 0, 0, "frog"
balanced_train_segments_2025, 0, 0, "frog"
balanced_train_segments_2026, 0, 0, "frog"
balanced_train_segments_2027, 0, 0, "frog"
balanced_train_segments_2028, 0, 0, "frog"
balanced_train_segments_2029, 0, 0, "frog"
balanced_train_segments_2030, 0, 0, "frog"
balanced_train_segments_2031, 0, 0, "frog"
balanced_train_segments_2032, 0, 0, "frog"
balanced_train_segments_2033, 0, 0, "frog"
balanced_train_segments_2034, 0, 0, "frog"
balanced_train_segments_2035, 0, 0, "frog"
balanced_train_segments_2036, 0, 0, "frog"
balanced_train_segments_2037, 0, 0, "frog"
balanced_train_segments_2038, 0, 0, "frog"
balanced_train_segments_2039, 0, 0, "frog"
balanced_train_segments_2040, 0, 0, "frog"
balanced_train_segments_2041, 0, 0, "frog"
balanced_train_segments_2042, 0, 0, "frog"
balanced_train_segments_2043, 0, 0, "frog"
balanced_train_segments_2044, 0, 0, "frog"
balanced_train_segments_2045, 0, 0, "frog"
balanced_train_segments_2046, 0, 0, "frog"
balanced_train_segments_2047, 0, 0, "frog"
balanced_train_segments_2048, 0, 0, "frog"
balanced_train_segments_2049, 0, 0, "frog"
balanced_train_segments_2050, 0, 0, "frog"
balanced_train_segments_2051, 0, 0, "frog"
balanced_train_segments_2052, 0, 0, "frog"
balanced_train_segments_2053, 0, 0, "frog"
balanced_train_segments_2054, 0, 0, "frog"
balanced_train_segments_2055, 0, 0, "frog"
balanced_train_segments_2056, 0, 0, "frog"
balanced_train_segments_2057, 0, 0, "frog"
balanced_train_segments_2058, 0, 0, "frog"
balanced_train_segments_2059, 0, 0, "frog"
balanced_train_segments_2060, 0, 0, "frog"
balanced_train_segments_2061, 0, 0, "frog"
balanced_train_segments_2062, 0, 0, "frog"
balanced_train_segments_2063, 0, 0, "frog"
balanced_train_segments_2064, 0, 0, "frog"
balanced_train_segments_2065, 0, 0, "frog"
balanced_train_segments_2066, 0, 0, "frog"
balanced_train_segments_2067, 0, 0, "frog"
balanced_train_segments_2068, 0, 0, "frog"
balanced_train_segments_2069, 0, 0, "frog"
balanced_train_segments_2070, 0, 0, "frog"
balanced_train_segments_2071, 0, 0, "frog"
balanced_train_segments_2072, 0, 0, "frog"
balanced_train_segments_2073, 0, 0, "frog"
balanced_train_segments_2074, 0, 0, "frog"
balanced_train_segments_2075, 0, 0, "frog"
balanced_train_segments_2076, 0, 0, "frog"
balanced_train_segments_2077, 0, 0, "frog"
balanced_train_segments_2078, 0, 0, "frog"
balanced_train_segments_2079, 0, 0, "frog"
balanced_train_segments_2080, 0, 0, "frog"
balanced_train_segments_2081, 0, 0, "frog"
balanced_train_segments_2082, 0, 0, "frog"
balanced_train_segments_2083, 0, 0, "frog"
balanced_train_segments_2084, 0, 0, "frog"
balanced_train_segments_2085, 0, 0, "frog"
balanced_train_segments_2086, 0, 0, "frog"
balanced_train_segments_2087, 0, 0, "frog"
balanced_train_segments_2088, 0, 0, "frog"
balanced_train_segments_2089, 0, 0, "frog"
balanced_train_segments_2090, 0, 0, "frog"
balanced_train_segments_2091, 0, 0, "frog"
balanced_train_segments_2092, 0, 0, "frog"
balanced_train_segments_2093, 0, 0, "frog"
balanced_train_segments_2094, 0, 0, "frog"
balanced_train_segments_2095, 0, 0, "frog"
balanced_train_segments_2096, 0, 0, "frog"
balanced_train_segments_2097, 0, 0, "frog"
balanced_train_segments_2098, 0, 0, "frog"
balanced_train_segments_2099, 0, 0, "frog"
balanced_train_segments_2100, 0, 0, "frog"
